price,crime_rate,resid_area,room_num,age,teachers,poor_prop,rainfall,d+d,aq_x_p
24.0,0.00632,32.31,6.575,65.2,24.7,4.98,23,16.35,1.06
21.6,0.02731,37.07,6.421,78.9,22.2,9.14,42,19.87,0.87
34.7,0.02729,37.07,7.185,61.1,22.2,4.03,38,19.87,0.86
33.4,0.03237,32.18,6.998,45.8,21.3,2.94,45,24.26,0.86
36.2,0.06905,32.18,7.147,54.2,21.3,5.33,55,24.25,0.72
28.7,0.02985,32.18,6.43,58.7,21.3,5.21,53,24.24,0.84
22.9,0.08829,37.87,6.012,66.6,24.8,12.43,41,22.24,1.09
22.1,0.14455,37.87,6.172,96.1,24.8,19.15,56,23.8,1.2
16.5,0.21124,37.87,5.631,100.0,24.8,29.93,55,24.33,1.18
18.9,0.17004,37.87,6.004,85.9,24.8,17.1,45,26.36,1.06
15.0,0.22489,37.87,6.377,94.3,24.8,20.45,29,25.39,1.21
18.9,0.11747,37.87,6.009,82.9,24.8,13.27,23,24.9,1.16
21.7,0.09378,37.87,5.889,39.0,24.8,15.71,57,21.81,1.2
20.4,0.62976,38.14,5.949,61.8,19.0,8.26,39,18.83,1.15
18.2,0.63796,38.14,6.096,84.5,19.0,10.26,49,17.86,1.29
19.9,0.62739,38.14,5.834,56.5,19.0,8.47,28,17.99,1.29
23.1,1.05393,38.14,5.935,29.3,19.0,6.58,46,18.0,1.18
17.5,0.7842,38.14,5.99,81.7,19.0,14.67,56,17.04,1.18
20.2,0.80271,38.14,5.456,36.6,19.0,11.69,41,15.18,1.17
18.2,0.7258,38.14,5.727,69.5,19.0,11.28,27,15.2,1.24
13.6,1.25179,38.14,5.57,98.1,19.0,21.02,44,15.19,1.04
19.6,0.85204,38.14,5.965,89.2,19.0,13.83,23,16.05,1.16
15.2,1.23247,38.14,6.142,91.7,19.0,18.72,48,15.92,1.24
14.5,0.98843,38.14,5.813,100.0,19.0,19.88,29,16.38,1.13
15.6,0.75026,38.14,5.924,94.1,19.0,16.3,27,17.6,1.08
13.9,0.84054,38.14,5.599,85.7,19.0,16.51,35,17.82,1.11
16.6,0.67191,38.14,5.813,90.3,19.0,14.81,59,18.73,1.02
14.8,0.95577,38.14,6.047,88.8,19.0,17.28,20,17.81,1.05
18.4,0.77299,38.14,6.495,94.4,19.0,12.8,35,17.82,1.17
21.0,1.00245,38.14,6.674,87.3,19.0,11.98,50,16.96,1.05
12.7,1.13081,38.14,5.713,94.1,19.0,22.6,34,16.93,1.26
14.5,1.35472,38.14,6.072,100.0,19.0,13.04,23,16.7,1.12
13.2,1.38799,38.14,5.95,82.0,19.0,27.71,25,15.97,1.15
13.1,1.15172,38.14,5.701,95.0,19.0,18.35,25,15.15,1.23
13.5,1.61282,38.14,6.096,96.9,19.0,20.34,40,15.04,1.07
18.9,0.06417,35.96,5.933,68.2,20.8,9.68,43,13.44,1.06
20.0,0.09744,35.96,5.841,61.4,20.8,11.41,39,13.51,0.91
21.0,0.08014,35.96,5.85,41.5,20.8,8.77,21,15.74,1.02
24.2,0.17505,35.96,5.966,30.2,20.8,10.13,21,15.39,0.97
30.8,0.02763,32.95,6.595,21.8,21.7,4.32,49,21.6,0.77
34.9,0.03359,32.95,7.024,15.8,21.7,1.98,20,21.61,0.73
26.6,0.12744,36.91,6.77,2.9,22.1,4.84,30,22.89,0.89
25.3,0.1415,36.91,6.169,6.6,22.1,5.81,52,22.89,0.75
24.7,0.15936,36.91,6.211,6.5,22.1,7.44,56,22.88,0.8
21.2,0.12269,36.91,6.069,40.0,22.1,9.55,53,22.89,0.72
19.3,0.17142,36.91,5.682,33.8,22.1,10.21,21,20.41,0.8
20.0,0.18836,36.91,5.786,33.3,22.1,14.15,39,20.4,0.81
16.6,0.22927,36.91,6.03,85.5,22.1,18.8,44,22.76,0.94
14.4,0.25387,36.91,5.399,95.3,22.1,30.81,34,23.48,0.76
19.4,0.21977,36.91,5.602,62.0,22.1,16.2,45,24.35,0.91
19.7,0.08873,35.64,5.963,45.7,23.2,13.45,21,27.26,0.71
20.5,0.04337,35.64,6.115,63.0,23.2,9.43,30,27.27,0.83
25.0,0.0536,35.64,6.511,21.1,23.2,5.28,56,27.27,0.81
23.4,0.04981,35.64,5.998,21.4,23.2,8.43,41,27.26,0.73
18.9,0.0136,34.0,5.888,47.6,18.9,14.8,55,29.27,0.63
35.4,0.01311,31.22,7.249,21.9,22.1,4.81,50,34.79,0.77
24.7,0.02055,30.74,6.383,35.7,22.7,5.77,22,36.75,0.63
31.6,0.01432,31.32,6.816,40.5,24.9,3.95,45,33.3,0.7
23.3,0.15445,35.13,6.145,29.2,20.3,6.86,22,31.26,0.79
19.6,0.10328,35.13,5.927,47.2,20.3,9.22,20,27.72,0.83
18.7,0.14932,35.13,5.741,66.2,20.3,13.15,30,28.9,0.79
16.0,0.17171,35.13,5.966,93.4,20.3,14.44,48,27.28,0.7
22.2,0.11027,35.13,6.456,67.8,20.3,6.73,56,28.9,0.79
25.0,0.1265,35.13,6.762,43.4,20.3,9.5,28,31.93,0.85
33.0,0.01951,31.38,7.104,59.5,21.4,8.05,30,36.89,0.65
23.5,0.03584,33.37,6.29,17.8,23.9,4.67,20,26.45,0.6
19.4,0.04379,33.37,5.787,31.1,23.9,10.24,44,26.44,0.76
22.0,0.05789,36.07,5.878,21.4,21.1,8.1,29,25.99,0.66
17.4,0.13554,36.07,5.594,36.8,21.1,13.09,40,25.99,0.79
20.9,0.12816,36.07,5.885,33.0,21.1,8.79,56,26.0,0.63
24.2,0.08826,40.81,6.417,6.6,20.8,6.72,38,21.14,0.68
21.7,0.15876,40.81,5.961,17.5,20.8,9.88,46,21.15,0.66
22.8,0.09164,40.81,6.065,7.8,20.8,5.52,20,21.15,0.6
23.4,0.19539,40.81,6.245,6.2,20.8,7.54,45,21.15,0.72
24.1,0.07896,42.83,6.273,6.0,21.3,6.78,40,17.01,0.68
21.4,0.09512,42.83,6.286,45.0,21.3,8.94,28,18.02,0.67
20.0,0.10153,42.83,6.279,74.5,21.3,11.97,22,16.21,0.79
20.8,0.08707,42.83,6.14,45.8,21.3,10.27,57,16.36,0.73
21.2,0.05646,42.83,6.232,53.7,21.3,12.34,53,20.06,0.66
20.3,0.08387,42.83,5.874,36.6,21.3,9.1,37,18.01,0.82
28.0,0.04113,34.86,6.727,33.5,21.0,5.29,54,21.6,0.64
23.9,0.04462,34.86,6.619,70.4,21.0,7.22,49,21.61,0.85
24.8,0.03659,34.86,6.302,32.2,21.0,6.72,20,21.61,0.8
22.9,0.03551,34.86,6.167,46.7,21.0,7.51,34,21.6,0.69
23.9,0.05059,34.49,6.389,48.0,21.5,9.62,23,19.12,0.76
26.6,0.05735,34.49,6.63,56.1,21.5,6.53,56,17.76,0.94
22.5,0.05188,34.49,6.015,45.1,21.5,12.86,50,17.71,0.85
22.2,0.07151,34.49,6.121,56.8,21.5,8.44,43,14.99,0.92
23.6,0.0566,33.41,7.007,86.3,22.2,5.5,28,13.68,0.89
28.7,0.05302,33.41,7.079,63.1,22.2,5.7,31,13.66,0.93
22.6,0.04684,33.41,6.417,66.1,22.2,8.81,58,12.37,0.83
22.0,0.03932,33.41,6.405,73.9,22.2,8.2,23,12.37,0.88
22.9,0.04203,45.04,6.442,53.6,21.8,8.16,60,14.66,0.96
25.0,0.02875,45.04,6.211,28.9,21.8,6.21,46,14.67,0.91
20.6,0.04294,45.04,6.249,77.3,21.8,10.59,54,14.46,0.86
28.4,0.12204,32.89,6.625,57.8,22.0,6.65,46,13.98,0.83
21.4,0.11504,32.89,6.163,69.6,22.0,11.34,21,13.98,0.82
38.7,0.12083,32.89,8.069,76.0,22.0,4.21,53,13.98,0.73
43.8,0.08187,32.89,7.82,36.9,22.0,3.57,25,13.99,0.91
33.2,0.0686,32.89,7.416,62.5,22.0,6.19,31,13.99,0.91
27.5,0.14866,38.56,6.727,79.9,19.1,9.42,24,11.11,0.98
26.5,0.11432,38.56,6.781,71.3,19.1,7.67,58,11.43,0.92
18.6,0.22876,38.56,6.405,85.4,19.1,10.63,57,10.86,1.13
19.3,0.21161,38.56,6.137,87.4,19.1,13.44,36,10.85,1.15
20.1,0.1396,38.56,6.167,90.0,19.1,12.33,20,9.69,0.95
19.5,0.13262,38.56,5.851,96.7,19.1,16.47,57,8.42,1.07
19.5,0.1712,38.56,5.836,91.9,19.1,18.66,20,8.84,1.0
20.4,0.13117,38.56,6.127,85.2,19.1,14.09,57,8.49,1.08
19.8,0.12802,38.56,6.474,97.1,19.1,12.27,48,9.74,1.04
19.4,0.26363,38.56,6.229,91.2,19.1,15.55,41,10.18,1.15
21.7,0.10793,38.56,6.195,54.4,19.1,13.0,37,11.11,0.94
22.8,0.10084,40.01,6.715,81.6,22.2,10.16,34,10.7,1.19
18.8,0.12329,40.01,5.913,92.9,22.2,16.21,35,9.41,1.26
18.7,0.22212,40.01,6.092,95.4,22.2,17.09,59,10.19,1.32
18.5,0.14231,40.01,6.254,84.2,22.2,10.45,39,9.02,1.25
18.3,0.17134,40.01,5.928,88.2,22.2,15.76,24,9.85,1.18
21.2,0.13158,40.01,6.176,72.5,22.2,12.04,23,10.92,1.15
19.2,0.15098,40.01,6.021,82.6,22.2,10.3,28,10.99,1.33
20.4,0.13058,40.01,5.872,73.1,22.2,15.37,40,9.91,1.24
19.3,0.14476,40.01,5.731,65.2,22.2,13.61,20,11.03,1.16
22.0,0.06899,55.65,5.87,69.7,20.9,14.37,23,9.03,1.32
20.3,0.07165,55.65,6.004,84.1,20.9,14.27,39,8.79,1.32
20.5,0.09299,55.65,5.961,92.9,20.9,17.93,51,8.36,1.41
17.3,0.15038,55.65,5.856,97.0,20.9,25.41,51,7.78,1.22
18.8,0.09849,55.65,5.879,95.8,20.9,17.58,56,8.03,1.44
21.4,0.16902,55.65,5.986,88.4,20.9,14.81,22,7.96,1.41
15.7,0.38735,55.65,5.613,95.6,20.9,27.26,42,7.02,1.47
16.2,0.25915,51.89,5.693,96.0,18.8,17.19,31,7.15,1.41
18.0,0.32543,51.89,6.431,98.8,18.8,15.39,41,7.26,1.41
14.3,0.88125,51.89,5.637,94.7,18.8,18.34,30,7.93,1.45
19.2,0.34006,51.89,6.458,98.9,18.8,12.6,25,8.47,1.65
19.6,1.19294,51.89,6.326,97.7,18.8,12.26,29,9.08,1.39
23.0,0.59005,51.89,6.372,97.9,18.8,11.12,57,9.31,1.37
18.4,0.32982,51.89,5.822,95.4,18.8,15.03,58,9.89,1.54
15.6,0.97617,51.89,5.757,98.4,18.8,17.31,32,9.39,1.61
18.1,0.55778,51.89,6.335,98.2,18.8,16.96,37,8.44,1.65
17.4,0.32264,51.89,5.942,93.5,18.8,16.9,37,7.87,1.55
17.1,0.35233,51.89,6.454,98.4,18.8,14.59,40,7.4,1.68
13.3,0.2498,51.89,5.857,98.2,18.8,21.32,39,6.67,1.48
17.8,0.54452,51.89,6.151,97.9,18.8,18.46,29,6.67,1.48
14.0,0.2909,51.89,6.174,93.6,18.8,24.16,28,6.45,1.42
14.4,1.62864,51.89,5.019,100.0,18.8,34.41,43,5.76,1.4
13.4,3.32105,49.58,5.403,100.0,25.3,26.82,42,5.29,2.81
15.6,4.0974,49.58,5.468,100.0,25.3,26.42,25,5.65,2.76
11.8,2.77974,49.58,4.903,97.8,25.3,29.29,52,5.38,2.77
13.8,2.37934,49.58,6.13,100.0,25.3,27.8,59,5.68,2.94
15.6,2.15505,49.58,5.628,100.0,25.3,16.65,32,6.06,2.64
14.6,2.36862,49.58,4.926,95.7,25.3,29.53,24,5.84,2.79
17.8,2.33099,49.58,5.186,93.8,25.3,28.32,43,6.13,2.92
15.4,2.73397,49.58,5.597,94.9,25.3,21.45,48,6.09,2.64
21.5,1.6566,49.58,6.122,97.3,25.3,14.1,34,6.47,2.89
19.6,1.49632,49.58,5.404,100.0,25.3,13.28,42,6.36,2.62
15.3,1.12658,49.58,5.012,88.0,25.3,12.12,46,6.44,2.96
19.4,2.14918,49.58,5.709,98.5,25.3,15.79,58,6.49,2.92
17.0,1.41385,49.58,6.129,96.0,25.3,15.12,48,6.99,2.81
15.6,3.53501,49.58,6.152,82.6,25.3,15.02,37,6.99,3.02
13.1,2.44668,49.58,5.272,94.0,25.3,16.14,60,6.94,2.61
41.3,1.22358,49.58,6.943,97.4,25.3,4.59,57,7.51,1.33
24.3,1.34284,49.58,6.066,100.0,25.3,6.43,46,7.03,1.35
23.3,1.42502,49.58,6.51,100.0,25.3,7.39,36,7.07,2.66
27.0,1.27346,49.58,6.25,92.6,25.3,5.5,23,7.2,1.26
50.0,1.46336,49.58,7.489,90.8,25.3,1.73,35,7.88,1.3
50.0,1.83377,49.58,7.802,98.2,25.3,1.92,22,8.17,1.35
50.0,1.51902,49.58,8.375,93.9,25.3,3.32,57,8.65,1.46
22.7,2.24236,49.58,5.854,91.8,25.3,11.64,56,9.69,1.59
25.0,2.924,49.58,6.101,93.0,25.3,9.81,22,9.13,1.29
50.0,2.01019,49.58,7.929,96.2,25.3,3.7,37,8.19,1.26
23.8,1.80028,49.58,5.877,79.2,25.3,12.14,22,9.7,1.33
23.8,2.3004,49.58,6.319,96.1,25.3,11.1,23,8.4,1.6
22.3,2.44953,49.58,6.402,95.2,25.3,11.32,22,9.05,1.3
17.4,1.20742,49.58,5.875,94.6,25.3,14.43,28,9.7,1.47
19.1,2.3139,49.58,5.88,97.3,25.3,12.03,54,9.56,1.39
23.1,0.13914,34.05,5.572,88.5,23.4,14.69,38,10.39,1.08
23.6,0.09178,34.05,6.416,84.1,23.4,9.04,59,10.59,1.1
22.6,0.08447,34.05,5.859,68.7,23.4,9.64,35,10.81,1.08
29.4,0.06664,34.05,6.546,33.1,23.4,5.33,48,12.52,1.04
23.2,0.07022,34.05,6.02,47.2,23.4,10.11,49,14.22,1.06
24.6,0.05425,34.05,6.315,73.4,23.4,6.29,31,13.28,0.97
29.9,0.06642,34.05,6.86,74.4,23.4,6.92,28,11.65,1.12
37.2,0.0578,32.46,6.98,58.4,22.2,5.04,50,11.32,0.89
39.8,0.06588,32.46,7.765,83.3,22.2,7.56,60,10.96,0.91
36.2,0.06888,32.46,6.144,62.2,22.2,9.45,59,10.39,1.09
37.9,0.09103,32.46,7.155,92.2,22.2,4.82,56,10.79,0.84
32.5,0.10008,32.46,6.563,95.6,22.2,5.68,60,11.38,0.88
26.4,0.08308,32.46,5.604,89.8,22.2,13.98,27,11.96,0.91
29.6,0.06047,32.46,6.153,68.8,22.2,13.15,45,13.12,0.91
50.0,0.05602,32.46,7.831,53.6,22.2,4.45,35,12.8,0.89
32.0,0.07875,33.44,6.782,41.1,24.8,6.68,23,15.15,0.74
29.8,0.12579,33.44,6.556,29.1,24.8,4.56,40,18.27,0.8
34.9,0.0837,33.44,7.185,38.9,24.8,5.39,20,18.27,0.81
33.0,0.09068,33.44,6.951,21.5,24.8,5.1,55,25.92,0.89
30.5,0.06911,33.44,6.739,30.8,24.8,4.69,40,25.92,0.67
36.4,0.08664,33.44,7.178,26.3,24.8,2.87,40,25.91,0.78
31.1,0.02187,32.93,6.8,9.9,24.4,5.03,24,24.88,0.66
29.1,0.01439,32.93,6.604,18.8,24.4,4.38,59,24.88,0.78
50.0,0.01381,30.46,7.875,32.0,25.6,2.97,26,22.6,0.73
33.3,0.04011,31.52,7.287,34.1,27.4,4.08,20,29.24,0.59
30.3,0.04666,31.52,7.107,36.6,27.4,8.61,24,29.24,0.65
34.6,0.03768,31.52,7.274,38.3,27.4,6.62,43,29.24,0.67
34.9,0.0315,31.47,6.975,15.3,23.0,4.56,24,30.61,0.67
32.9,0.01778,31.47,7.135,13.9,23.0,4.45,22,30.61,0.75
24.1,0.03445,32.03,6.162,38.4,25.3,7.43,32,25.09,0.69
42.3,0.02177,32.03,7.61,15.7,25.3,3.11,30,25.07,0.76
48.5,0.0351,32.68,7.853,33.2,25.3,3.81,22,20.47,0.68
50.0,0.02009,32.68,8.034,31.9,25.3,2.88,51,20.48,0.74
22.6,0.13642,40.59,5.891,22.3,21.4,10.87,26,15.79,1.1
24.4,0.22969,40.59,6.326,52.5,21.4,10.97,52,17.43,1.0
22.5,0.25199,40.59,5.783,72.7,21.4,18.06,38,17.41,1.01
24.4,0.13587,40.59,6.064,59.1,21.4,14.66,31,16.96,0.87
20.0,0.43571,40.59,5.344,100.0,21.4,23.09,60,15.5,1.1
21.7,0.17446,40.59,5.96,92.1,21.4,17.27,36,15.5,0.87
19.3,0.37578,40.59,5.404,88.6,21.4,23.98,39,14.66,0.96
22.4,0.21719,40.59,5.807,53.8,21.4,16.03,20,14.61,1.03
28.1,0.14052,40.59,6.375,32.3,21.4,9.38,3,15.78,0.86
23.7,0.28955,40.59,5.412,9.8,21.4,29.55,21,14.36,1.1
25.0,0.19802,40.59,6.182,42.4,21.4,9.47,30,15.79,0.94
23.3,0.0456,43.89,5.888,56.0,23.6,13.51,22,12.45,1.36
28.7,0.07013,43.89,6.642,85.1,23.6,9.69,23,13.68,1.07
21.5,0.11069,43.89,5.951,93.8,23.6,17.92,49,11.56,1.06
23.0,0.11425,43.89,6.373,92.4,23.6,10.5,21,13.46,1.23
26.7,0.35809,36.2,6.951,88.5,22.6,9.71,23,11.44,1.09
21.7,0.40771,36.2,6.164,91.3,22.6,21.46,37,12.19,1.16
27.5,0.62356,36.2,6.879,77.7,22.6,9.93,50,13.09,0.95
30.1,0.6147,36.2,6.618,80.8,22.6,7.6,39,13.08,0.99
44.8,0.31533,36.2,8.266,78.3,22.6,4.14,47,11.58,1.15
50.0,0.52693,36.2,8.725,83.0,22.6,4.63,20,11.57,1.15
37.6,0.38214,36.2,8.04,86.5,22.6,3.13,54,12.86,1.07
31.6,0.41238,36.2,7.163,79.9,22.6,6.36,34,12.87,1.09
46.7,0.29819,36.2,7.686,17.0,22.6,3.92,43,13.51,1.11
31.5,0.44178,36.2,6.552,21.4,22.6,3.76,47,13.49,0.89
24.3,0.537,36.2,5.981,68.1,22.6,11.65,59,14.7,0.94
31.7,0.46296,36.2,7.412,76.9,22.6,5.25,26,14.69,1.09
41.7,0.57529,36.2,8.337,73.3,22.6,2.47,28,15.36,1.16
48.3,0.33147,36.2,8.247,70.4,22.6,3.95,23,14.6,1.02
29.0,0.44791,36.2,6.726,66.5,22.6,8.05,32,14.61,0.89
24.0,0.33045,36.2,6.086,61.5,22.6,10.88,57,14.6,1.06
25.1,0.52058,36.2,6.631,76.5,22.6,9.54,36,16.59,0.94
31.5,0.51183,36.2,7.358,71.6,22.6,4.73,34,16.59,1.14
23.7,0.08244,34.93,6.481,18.5,23.4,6.36,48,24.76,0.84
23.3,0.09252,34.93,6.606,42.2,23.4,7.37,51,24.76,0.71
27.0,0.11329,34.93,6.897,54.3,23.4,11.38,24,25.34,0.66
20.1,0.10612,34.93,6.095,65.1,23.4,12.4,41,25.34,0.68
22.2,0.1029,34.93,6.358,52.9,23.4,11.22,42,28.14,0.7
23.7,0.12757,34.93,6.393,7.8,23.4,5.19,26,28.15,0.82
17.6,0.20608,35.86,5.593,76.5,20.9,12.5,42,31.82,0.71
18.5,0.19133,35.86,5.605,70.2,20.9,18.46,59,31.82,0.75
24.3,0.33983,35.86,6.108,34.9,20.9,9.16,25,32.22,0.84
20.5,0.19657,35.86,6.226,79.2,20.9,10.15,31,32.22,0.8
24.5,0.16439,35.86,6.433,49.1,20.9,9.52,43,31.31,0.85
26.2,0.19073,35.86,6.718,17.5,20.9,6.56,39,31.3,0.76
24.4,0.1403,35.86,6.487,13.0,20.9,5.9,38,29.59,0.67
24.8,0.21409,35.86,6.438,8.9,20.9,3.59,50,29.59,0.81
29.6,0.08221,35.86,6.957,6.8,20.9,3.53,57,35.62,0.68
42.8,0.36894,35.86,8.259,8.4,20.9,3.54,53,35.63,0.88
21.9,0.04819,33.64,6.108,32.0,23.6,6.57,56,36.87,0.58
20.9,0.03548,33.64,5.876,19.1,23.6,9.25,31,36.88,0.69
44.0,0.01538,33.75,7.454,34.2,24.1,3.11,38,25.34,0.66
50.0,0.61154,33.97,8.704,86.9,27.0,5.12,54,7.21,1.43
36.0,0.66351,33.97,7.333,100.0,27.0,7.79,58,7.57,1.56
30.1,0.65665,33.97,6.842,100.0,27.0,6.9,40,8.05,1.55
33.8,0.54011,33.97,7.203,81.8,27.0,9.59,21,8.45,1.76
43.1,0.53412,33.97,7.52,89.4,27.0,7.26,24,8.55,1.68
48.8,0.52014,33.97,8.398,91.5,27.0,5.91,24,9.15,1.43
31.0,0.82526,33.97,7.327,94.5,27.0,11.25,60,8.32,1.44
36.5,0.55007,33.97,7.206,91.6,27.0,8.1,36,7.72,1.52
22.8,0.76162,33.97,5.56,62.8,27.0,10.45,59,7.94,1.52
30.7,0.7857,33.97,7.014,84.6,27.0,14.79,41,8.53,1.49
50.0,0.57834,33.97,8.297,67.0,27.0,7.44,42,9.68,1.45
43.5,0.5405,33.97,7.47,52.6,27.0,3.16,43,11.48,1.16
20.7,0.09065,36.96,5.92,61.5,21.4,13.65,29,15.67,0.97
21.1,0.29916,36.96,5.856,42.1,21.4,13.0,27,17.72,0.86
25.2,0.16211,36.96,6.24,16.3,21.4,6.59,25,17.72,0.81
24.4,0.1146,36.96,6.538,58.7,21.4,7.73,40,15.67,0.82
35.2,0.22188,36.96,7.691,51.8,21.4,6.58,39,17.47,0.79
32.4,0.05644,36.41,6.758,32.9,22.4,3.53,30,16.32,0.76
32.0,0.09604,36.41,6.854,42.8,22.4,2.98,23,17.07,0.69
33.2,0.10469,36.41,7.267,49.0,22.4,6.05,35,19.15,0.76
33.1,0.06127,36.41,6.826,27.6,22.4,4.16,21,19.45,0.75
29.1,0.07978,36.41,6.482,32.1,22.4,7.19,38,16.55,0.85
35.1,0.21038,33.33,6.812,32.2,25.1,4.85,26,16.4,0.91
45.4,0.03578,33.33,7.82,64.5,25.1,3.76,50,18.78,0.74
35.4,0.03705,33.33,6.968,37.2,25.1,4.59,48,20.98,0.75
46.0,0.06129,33.33,7.645,49.7,25.1,3.01,25,20.84,0.91
50.0,0.01501,31.21,7.923,24.8,26.4,3.16,20,23.54,0.78
32.2,0.00906,32.97,7.088,20.8,24.7,7.85,30,29.23,0.68
22.0,0.01096,32.25,6.453,31.9,24.7,8.23,55,29.23,0.54
20.1,0.01965,31.76,6.23,31.5,21.8,12.93,39,36.35,0.51
23.2,0.03871,35.32,6.209,31.3,23.4,7.14,60,29.28,0.7
22.3,0.0459,35.32,6.315,45.6,23.4,7.6,22,29.27,0.56
24.8,0.04297,35.32,6.565,22.9,23.4,9.51,60,29.27,0.66
28.5,0.03502,34.95,6.861,27.9,20.8,3.33,53,20.47,0.65
37.3,0.07886,34.95,7.148,27.7,20.8,3.56,37,20.47,0.78
27.9,0.03615,34.95,6.63,23.4,20.8,4.7,37,20.47,0.64
23.9,0.08265,43.92,6.127,18.4,24.0,8.58,46,22.02,0.85
21.7,0.08199,43.92,6.009,42.3,24.0,10.4,23,22.01,0.67
28.6,0.12932,43.92,6.678,31.1,24.0,6.27,44,23.84,0.73
27.1,0.05372,43.92,6.549,51.0,24.0,7.39,26,23.85,0.79
20.3,0.14103,43.92,5.79,58.0,24.0,15.84,42,25.28,0.91
22.5,0.06466,32.24,6.345,20.1,25.2,4.97,48,31.31,0.59
29.0,0.05561,32.24,7.041,10.0,25.2,4.74,36,31.32,0.66
24.8,0.04417,32.24,6.871,47.4,25.2,6.07,29,31.31,0.69
22.0,0.03537,36.09,6.59,40.4,23.9,9.5,21,21.98,0.64
26.4,0.09266,36.09,6.495,18.4,23.9,8.67,42,21.96,0.65
33.1,0.1,36.09,6.982,17.7,23.9,4.86,34,21.97,0.88
36.1,0.05515,32.18,7.236,41.1,21.6,6.93,55,16.09,0.99
28.4,0.05479,32.18,6.616,58.1,21.6,8.93,22,13.48,0.86
33.4,0.07503,32.18,7.42,71.9,21.6,6.47,23,12.4,0.95
28.2,0.04932,32.18,6.849,70.3,21.6,7.53,46,12.73,0.89
22.8,0.49298,39.9,6.635,82.5,21.6,4.54,31,13.27,1.26
20.3,0.3494,39.9,5.972,76.7,21.6,9.97,51,12.41,1.23
16.1,2.63548,39.9,4.973,37.8,21.6,12.64,27,10.07,1.22
22.1,0.79041,39.9,6.122,52.8,21.6,5.98,46,10.55,1.21
19.4,0.26169,39.9,6.023,90.4,21.6,11.72,26,11.33,1.16
21.6,0.26938,39.9,6.266,82.8,21.6,7.9,33,13.05,1.18
23.8,0.3692,39.9,6.567,87.3,21.6,9.28,56,14.42,1.18
16.2,0.25356,39.9,5.705,77.7,21.6,11.5,58,15.78,1.21
17.8,0.31827,39.9,5.914,83.2,21.6,18.33,43,15.99,1.13
19.8,0.24522,39.9,5.782,71.7,21.6,15.94,50,16.14,1.02
23.1,0.40202,39.9,6.382,67.2,21.6,10.36,53,14.13,1.12
21.0,0.47547,39.9,6.113,58.8,21.6,12.73,36,16.01,1.18
23.8,0.1676,37.38,6.426,52.3,20.4,7.2,48,18.17,1.09
23.1,0.18159,37.38,6.376,54.3,20.4,6.87,40,18.16,0.93
20.4,0.35114,37.38,6.041,49.9,20.4,7.7,40,18.89,0.9
18.5,0.28392,37.38,5.708,74.3,20.4,11.74,25,18.88,0.99
25.0,0.34109,37.38,6.415,40.1,20.4,6.12,52,18.88,0.93
24.6,0.19186,37.38,6.431,14.7,20.4,5.08,45,21.67,0.89
23.0,0.30347,37.38,6.312,28.9,20.4,6.15,36,21.67,0.96
22.2,0.24103,37.38,6.083,43.7,20.4,12.79,27,21.66,1.0
19.3,0.06617,33.24,5.868,25.8,23.1,9.97,35,20.87,0.73
22.6,0.06724,33.24,6.333,17.2,23.1,7.34,53,20.86,0.83
19.8,0.04544,33.24,6.144,32.2,23.1,9.09,26,23.5,0.79
17.1,0.05023,36.06,5.706,28.4,23.1,12.43,21,26.56,0.91
19.4,0.03466,36.06,6.031,23.3,23.1,7.83,22,26.56,0.91
22.2,0.05083,35.19,6.316,38.1,19.8,5.68,34,25.83,1.03
20.7,0.03738,35.19,6.31,38.5,19.8,6.75,53,25.84,1.14
21.1,0.03961,35.19,6.037,34.5,19.8,8.01,57,23.94,1.04
19.5,0.03427,35.19,5.869,46.3,19.8,9.8,53,20.92,0.92
18.5,0.03041,35.19,5.895,59.6,19.8,10.56,21,22.46,1.17
20.6,0.03306,35.19,6.059,37.3,19.8,8.51,26,19.25,1.1
19.0,0.05497,35.19,5.985,45.4,19.8,9.74,28,19.25,0.98
18.7,0.06151,35.19,5.968,58.5,19.8,9.29,20,19.25,1.1
32.7,0.01301,31.52,7.241,49.3,24.5,5.49,48,28.15,0.93
16.5,0.02498,31.89,6.54,59.7,24.1,8.65,40,25.07,1.17
23.9,0.02543,33.78,6.696,56.4,22.4,7.18,52,22.93,0.93
31.2,0.03049,33.78,6.874,28.1,22.4,4.61,23,25.86,0.9
17.5,0.03113,34.39,6.014,48.5,21.2,10.53,26,32.05,0.9
17.2,0.06162,34.39,5.898,52.3,21.2,12.67,46,32.06,0.78
23.1,0.0187,34.15,6.516,27.7,22.1,6.36,47,34.15,0.66
24.5,0.01501,32.01,6.635,29.7,23.0,5.99,45,33.37,0.85
26.6,0.02899,31.25,6.939,34.5,20.3,5.89,30,35.18,0.67
22.9,0.06211,31.25,6.49,44.4,20.3,5.98,55,35.17,0.67
24.1,0.0795,31.69,6.579,35.9,21.7,5.49,45,42.85,0.6
18.6,0.07244,31.69,5.884,18.5,21.7,7.79,50,42.85,0.65
30.1,0.01709,32.02,6.728,36.1,23.0,4.5,40,48.51,0.78
18.2,0.04301,31.91,5.663,21.9,18.0,8.05,34,42.34,0.78
20.6,0.10659,31.91,5.936,19.5,18.0,5.57,53,42.34,0.73
17.8,8.98296,48.1,6.212,97.4,19.8,17.6,39,8.49,2.38
21.7,3.8497,48.1,6.395,91.0,19.8,13.27,56,10.02,2.33
22.7,5.20177,48.1,6.127,83.4,19.8,11.48,42,10.89,2.36
22.6,4.26131,48.1,6.112,81.3,19.8,12.67,26,10.03,2.29
25.0,4.54192,48.1,6.398,88.0,19.8,7.79,37,10.07,2.07
19.9,3.83684,48.1,6.251,91.1,19.8,14.19,56,9.18,2.26
20.8,3.67822,48.1,5.362,96.2,19.8,10.19,52,8.42,2.15
16.8,4.22239,48.1,5.803,89.0,19.8,14.64,57,7.62,2.47
21.9,3.47428,48.1,8.78,82.9,19.8,5.29,26,7.62,1.79
27.5,4.55587,48.1,3.561,87.9,19.8,7.12,51,6.45,1.95
21.9,3.69695,48.1,4.963,91.4,19.8,14.0,58,7.0,2.17
23.1,13.5222,48.1,3.863,100.0,19.8,13.33,24,6.03,1.41
50.0,4.89822,48.1,4.97,100.0,19.8,3.26,41,5.33,1.57
50.0,5.66998,48.1,6.683,96.8,19.8,3.73,58,5.42,1.7
50.0,6.53876,48.1,7.016,97.5,19.8,2.96,46,4.8,1.49
50.0,9.2323,48.1,6.216,100.0,19.8,9.53,25,4.68,1.54
50.0,8.26725,48.1,5.875,89.6,19.8,8.88,57,4.51,1.72
13.8,11.1081,48.1,4.906,100.0,19.8,34.77,56,4.7,1.63
13.8,18.4982,48.1,4.138,100.0,19.8,37.97,35,4.55,1.9
15.0,19.6091,48.1,7.313,97.9,19.8,13.44,45,5.27,1.68
13.9,15.288,48.1,6.649,93.3,19.8,23.24,26,5.38,1.89
13.3,9.82349,48.1,6.794,98.8,19.8,21.24,22,5.43,1.85
13.1,23.6482,48.1,6.38,96.2,19.8,23.69,54,5.54,1.7
10.2,17.8667,48.1,6.223,100.0,19.8,21.78,46,5.55,1.56
10.4,88.9762,48.1,6.968,91.9,19.8,17.21,21,5.67,1.79
10.9,15.8744,48.1,6.545,99.1,19.8,21.08,60,6.07,1.56
11.3,9.18702,48.1,5.536,100.0,19.8,23.6,46,6.31,1.7
12.3,7.99248,48.1,5.52,100.0,19.8,24.56,41,6.14,1.96
8.8,20.0849,48.1,4.368,91.2,19.8,30.63,25,5.76,1.75
7.2,16.8118,48.1,5.277,98.1,19.8,30.81,36,5.71,1.68
10.5,24.3938,48.1,4.652,100.0,19.8,28.28,34,5.87,1.67
7.4,22.5971,48.1,5.0,89.5,19.8,31.99,54,6.08,1.73
10.2,14.3337,48.1,4.88,100.0,19.8,30.62,25,6.36,1.99
11.5,8.15174,48.1,5.39,98.9,19.8,20.85,51,6.92,1.72
15.1,6.96215,48.1,5.713,97.0,19.8,17.11,20,7.7,1.99
23.2,5.29305,48.1,6.051,82.5,19.8,18.76,53,8.68,1.73
9.7,11.5779,48.1,5.036,97.0,19.8,25.68,51,7.08,1.92
13.8,8.64476,48.1,6.193,92.6,19.8,15.17,55,7.17,1.74
12.7,13.3598,48.1,5.887,94.7,19.8,16.35,40,7.13,1.81
13.1,8.71675,48.1,6.471,98.8,19.8,17.12,29,6.9,1.97
12.5,5.87205,48.1,6.405,96.0,19.8,19.37,24,6.7,1.9
8.5,7.67202,48.1,5.747,98.9,19.8,19.92,22,6.54,1.84
5.0,38.3518,48.1,5.453,100.0,19.8,30.59,26,5.96,1.81
6.3,9.91655,48.1,5.852,77.8,19.8,29.97,42,6.0,1.7
5.6,25.0461,48.1,5.987,100.0,19.8,26.77,30,6.36,1.71
7.2,14.2362,48.1,6.343,100.0,19.8,20.32,50,6.3,1.95
12.1,9.59571,48.1,6.404,100.0,19.8,20.31,42,6.55,1.91
8.3,24.8017,48.1,5.349,96.0,19.8,19.77,40,6.81,1.88
8.5,41.5292,48.1,5.531,85.4,19.8,27.38,56,6.43,1.7
5.0,67.9208,48.1,5.683,100.0,19.8,22.98,38,5.7,1.81
11.9,20.7162,48.1,4.138,100.0,19.8,23.34,53,4.71,1.63
27.9,11.9511,48.1,5.608,100.0,19.8,12.13,26,5.15,1.77
17.2,7.40389,48.1,5.617,97.9,19.8,26.4,25,5.82,1.26
27.5,14.4383,48.1,6.852,100.0,19.8,19.78,57,5.86,1.35
15.0,51.1358,48.1,5.757,100.0,19.8,10.11,52,5.65,1.47
17.2,14.0507,48.1,6.657,100.0,19.8,21.22,44,6.11,1.32
17.9,18.811,48.1,4.628,100.0,19.8,34.37,40,6.22,1.4
16.3,28.6558,48.1,5.155,100.0,19.8,20.08,58,6.35,1.33
7.0,45.7461,48.1,4.519,100.0,19.8,36.98,40,6.63,1.92
7.2,18.0846,48.1,6.434,100.0,19.8,29.05,59,7.34,1.6
7.5,10.8342,48.1,6.782,90.8,19.8,25.79,35,7.28,1.76
10.4,25.9406,48.1,5.304,89.1,19.8,26.64,60,6.6,1.6
8.8,73.5341,48.1,5.957,100.0,19.8,20.62,52,7.2,1.84
8.4,11.8123,48.1,6.824,76.5,19.8,22.74,26,7.17,1.82
16.7,11.0874,48.1,6.411,100.0,19.8,15.02,48,7.43,1.86
14.2,7.02259,48.1,6.006,95.3,19.8,15.7,29,7.5,2.17
20.8,12.0482,48.1,5.648,87.6,19.8,14.1,36,7.81,1.43
13.4,7.05042,48.1,6.103,85.1,19.8,23.29,29,8.09,1.56
11.7,8.79212,48.1,5.565,70.6,19.8,17.16,57,8.26,1.49
8.3,15.8603,48.1,5.896,95.4,19.8,24.39,51,7.64,1.83
10.2,12.2472,48.1,5.837,59.7,19.8,15.69,33,7.99,1.3
10.9,37.6619,48.1,6.202,78.7,19.8,14.52,42,7.45,1.8
11.0,7.36711,48.1,6.193,78.1,19.8,21.52,45,7.75,1.84
9.5,9.33889,48.1,6.38,95.6,19.8,24.08,52,7.87,1.74
14.5,8.49213,48.1,6.348,86.1,19.8,17.64,53,8.22,1.49
14.1,10.0623,48.1,6.833,94.3,19.8,19.69,29,8.35,1.28
16.1,6.44405,48.1,6.425,74.8,19.8,12.03,42,8.8,1.25
14.3,5.58107,48.1,6.436,87.9,19.8,16.22,46,9.27,1.75
11.7,13.9134,48.1,6.208,95.0,19.8,15.17,37,8.89,2.13
13.4,11.1604,48.1,6.629,94.6,19.8,23.27,46,8.5,2.27
9.6,14.4208,48.1,6.461,93.3,19.8,18.05,57,8.0,2.08
8.2,15.1772,48.1,6.152,100.0,19.8,26.45,60,7.65,1.99
8.4,13.6781,48.1,5.935,87.9,19.8,34.02,57,7.28,2.11
12.8,9.39063,48.1,5.627,93.9,19.8,22.88,50,7.27,2.16
10.5,22.0511,48.1,5.818,92.4,19.8,22.11,38,7.46,2.23
17.1,9.72418,48.1,6.406,97.2,19.8,19.52,58,8.27,2.29
14.8,5.66637,48.1,6.219,100.0,19.8,16.59,54,8.02,2.28
15.4,9.96654,48.1,6.485,100.0,19.8,18.85,21,7.91,1.98
10.8,12.8023,48.1,5.854,96.6,19.8,23.79,34,7.59,1.93
11.8,10.6718,48.1,6.459,94.8,19.8,23.98,28,7.95,2.25
14.9,6.28807,48.1,6.341,96.4,19.8,17.79,41,8.28,2.09
12.6,9.92485,48.1,6.251,96.6,19.8,16.44,37,8.79,1.92
14.1,9.32909,48.1,6.185,98.7,19.8,18.13,52,9.04,1.94
13.0,7.52601,48.1,6.417,98.3,19.8,19.31,27,8.74,2.09
13.4,6.71772,48.1,6.749,92.6,19.8,17.44,59,9.28,1.75
15.2,5.44114,48.1,6.655,98.2,19.8,17.73,41,9.42,1.75
16.1,5.09017,48.1,6.297,91.8,19.8,17.27,21,9.47,1.84
17.8,8.24809,48.1,7.393,99.3,19.8,16.74,42,9.81,1.97
14.4,9.51363,48.1,6.728,94.1,19.8,18.71,34,9.99,1.88
14.1,4.75237,48.1,6.525,86.5,19.8,18.13,36,9.74,1.77
12.7,4.66883,48.1,5.976,87.9,19.8,19.01,31,10.32,1.82
13.5,8.20058,48.1,5.936,80.3,19.8,16.94,46,11.12,2.14
14.9,7.75223,48.1,6.301,83.7,19.8,16.23,39,11.14,1.85
20.0,6.80117,48.1,6.081,84.4,19.8,14.7,27,10.87,2.07
16.4,4.81213,48.1,6.701,90.0,19.8,16.42,29,10.39,1.74
17.7,3.69311,48.1,6.376,88.4,19.8,14.65,24,10.26,1.79
19.5,6.65492,48.1,6.317,83.0,19.8,13.99,22,10.94,2.02
20.2,5.82115,48.1,6.513,89.9,19.8,10.29,30,11.21,2.14
21.4,7.83932,48.1,6.209,65.4,19.8,13.22,55,11.86,1.51
19.9,3.1636,48.1,5.759,48.2,19.8,14.13,43,12.26,1.73
19.0,3.77498,48.1,5.952,84.7,19.8,17.15,21,11.49,1.5
19.1,4.42228,48.1,6.003,94.5,19.8,21.32,21,10.16,1.18
19.1,15.5757,48.1,5.926,71.0,19.8,18.13,28,11.64,1.15
20.1,13.0751,48.1,5.713,56.7,19.8,14.76,27,11.3,1.19
19.9,4.34879,48.1,6.167,84.0,19.8,16.29,36,12.14,1.48
19.6,4.03841,48.1,6.229,90.7,19.8,12.87,52,12.39,1.01
23.2,3.56868,48.1,6.437,75.0,19.8,14.36,39,11.58,1.47
29.8,4.64689,48.1,6.98,67.6,19.8,11.66,56,10.13,1.55
13.8,8.05579,48.1,5.427,95.4,19.8,18.14,47,9.71,1.16
13.3,6.39312,48.1,6.162,97.4,19.8,24.1,27,8.82,1.47
16.7,4.87141,48.1,6.484,93.6,19.8,18.68,22,9.21,1.39
12.0,15.0234,48.1,5.304,97.3,19.8,24.91,39,8.41,1.52
14.6,10.233,48.1,6.185,96.7,19.8,18.03,60,8.68,1.6
21.4,14.3337,48.1,6.229,88.0,19.8,13.11,32,7.8,1.55
23.0,5.82401,48.1,6.242,64.7,19.8,10.74,22,13.69,0.98
23.7,5.70818,48.1,6.75,74.9,19.8,7.74,46,13.32,1.0
25.0,5.73116,48.1,7.061,77.0,19.8,7.01,29,13.64,1.24
21.8,2.81838,48.1,5.762,40.3,19.8,10.42,57,16.4,1.03
20.6,2.37857,48.1,5.871,41.9,19.8,13.34,31,14.89,1.42
21.2,3.67367,48.1,6.312,51.9,19.8,10.58,51,15.96,1.17
19.1,5.69175,48.1,6.114,79.8,19.8,14.98,57,14.18,1.39
20.6,4.83567,48.1,5.905,53.2,19.8,11.45,44,12.6,1.45
15.2,0.15086,57.74,5.454,92.7,19.9,18.06,28,7.28,1.47
7.0,0.18337,57.74,5.414,98.3,19.9,23.97,29,7.03,1.61
8.1,0.20746,57.74,5.093,98.0,19.9,29.68,49,7.29,1.53
13.6,0.10574,57.74,5.983,98.8,19.9,18.07,47,7.47,1.37
20.1,0.11132,57.74,5.983,83.5,19.9,13.35,57,8.43,1.52
21.8,0.17331,39.69,5.707,54.0,20.8,12.01,31,9.53,1.36
24.5,0.27957,39.69,5.926,42.6,20.8,13.59,47,9.52,1.28
23.1,0.17899,39.69,5.67,28.8,20.8,17.6,55,11.2,1.3
19.7,0.2896,39.69,5.39,72.9,20.8,21.14,44,11.19,1.43
18.3,0.26838,39.69,5.794,70.6,20.8,14.1,55,11.57,1.36
21.2,0.23912,39.69,6.019,65.3,20.8,12.92,32,9.63,1.28
17.5,0.17783,39.69,5.569,73.5,20.8,15.1,47,9.6,1.49
16.8,0.22438,39.69,6.027,79.7,20.8,14.33,54,9.99,1.23
22.4,0.06263,41.93,6.593,69.1,19.0,9.67,27,9.91,1.28
20.6,0.04527,41.93,6.12,76.7,19.0,9.08,20,9.15,1.37
23.9,0.06076,41.93,6.976,91.0,19.0,5.64,31,8.67,1.32
22.0,0.10959,41.93,6.794,89.3,19.0,6.48,47,9.56,1.39
19.0,0.04741,41.93,6.03,80.8,19.0,7.88,45,10.02,1.38
