price,resid_area,room_num,age,teachers,poor_prop,airport,n_hos_beds,n_hot_rooms,rainfall,Sold,WB_Lake,WB_River,dxd
24.0,32.31,6.575,65.2,24.7,4.98,1,5.48,11.192,23,0,0,1,27.78
21.6,37.07,6.421,78.9,22.2,9.14,0,7.332,12.1728,42,1,1,0,60.76
34.7,37.07,7.185,61.1,22.2,4.03,0,7.394,101.12,38,0,0,0,60.87
33.4,32.18,6.998,45.8,21.3,2.94,1,9.268,11.2672,45,0,1,0,135.2
36.2,32.18,7.147,54.2,21.3,5.33,0,8.824,11.2896,55,0,1,0,134.75
28.7,32.18,6.43,58.7,21.3,5.21,1,7.174,14.2296,53,1,0,0,134.63
22.9,37.87,6.012,66.6,24.8,12.43,1,6.958,12.1832,41,1,0,1,95.17
22.1,37.87,6.172,96.1,24.8,19.15,0,5.842,12.1768,56,1,1,0,124.99
16.5,37.87,5.631,100.0,24.8,29.93,1,5.93,12.132,55,0,0,0,136.66
18.9,37.87,6.004,85.9,24.8,17.1,1,9.478,14.1512,45,0,0,1,188.24
15.0,37.87,6.377,94.3,24.8,20.45,0,6.0,11.12,29,1,1,0,161.61
18.9,37.87,6.009,82.9,24.8,13.27,0,9.278,13.1512,23,1,1,1,149.83
21.7,37.87,5.889,39.0,24.8,15.71,1,5.534,10.1736,57,1,1,1,88.05
20.4,38.14,5.949,61.8,19.0,8.26,1,5.908,14.1632,39,0,0,0,49.02
18.2,38.14,6.096,84.5,19.0,10.26,0,6.964,13.1456,49,0,0,0,39.64
19.9,38.14,5.834,56.5,19.0,8.47,1,8.498,14.1592,28,0,0,1,40.8
23.1,38.14,5.935,29.3,19.0,6.58,0,5.462,10.1848,46,0,0,0,40.96
17.5,38.14,5.99,81.7,19.0,14.67,0,5.45,11.14,56,1,1,0,32.76
20.2,38.14,5.456,36.6,19.0,11.69,1,8.504,12.1616,41,0,1,1,20.65
18.2,38.14,5.727,69.5,19.0,11.28,0,8.564,12.1456,27,1,1,1,20.74
13.6,38.14,5.57,98.1,19.0,21.02,1,8.272,15.1088,44,0,1,1,20.66
19.6,38.14,5.965,89.2,19.0,13.83,1,9.192,14.1568,23,0,0,0,25.75
15.2,38.14,6.142,91.7,19.0,18.72,1,5.804,14.1216,48,1,0,1,24.74
14.5,38.14,5.813,100.0,19.0,19.88,1,7.49,13.116,29,0,1,0,28.03
15.6,38.14,5.924,94.1,19.0,16.3,1,8.212,13.1248,27,1,1,0,37.12
13.9,38.14,5.599,85.7,19.0,16.51,1,9.378,13.1112,35,0,0,1,39.11
16.6,38.14,5.813,90.3,19.0,14.81,0,9.732,12.1328,59,1,1,0,47.95
14.8,38.14,6.047,88.8,19.0,17.28,1,8.696,13.1184,20,1,1,0,39.26
18.4,38.14,6.495,94.4,19.0,12.8,1,5.968,15.1472,35,1,0,1,39.25
21.0,38.14,6.674,87.3,19.0,11.98,0,9.02,12.168,50,0,0,1,32.14
12.7,38.14,5.713,94.1,19.0,22.6,0,9.854,12.1016,34,0,1,0,31.87
14.5,38.14,6.072,100.0,19.0,13.04,1,9.29,12.116,23,1,0,0,30.1
13.2,38.14,5.95,82.0,19.0,27.71,0,8.764,14.1056,25,0,0,1,25.28
13.1,38.14,5.701,95.0,19.0,18.35,1,8.362,15.1048,25,1,0,0,20.54
13.5,38.14,6.096,96.9,19.0,20.34,1,9.67,11.108,40,0,0,0,19.83
18.9,35.96,5.933,68.2,20.8,9.68,1,9.478,11.1512,43,1,0,1,12.56
20.0,35.96,5.841,61.4,20.8,11.41,0,7.5,15.16,39,0,0,0,12.96
21.0,35.96,5.85,41.5,20.8,8.77,1,8.12,10.168,21,0,0,1,23.92
24.2,35.96,5.966,30.2,20.8,10.13,1,8.184,10.1936,21,1,0,1,21.72
30.8,32.95,6.595,21.8,21.7,4.32,1,6.916,12.2464,49,1,0,1,84.72
34.9,32.95,7.024,15.8,21.7,1.98,1,6.198,15.2792,20,1,0,1,84.97
26.6,36.91,6.77,2.9,22.1,4.84,0,7.732,13.2128,30,1,1,1,106.93
25.3,36.91,6.169,6.6,22.1,5.81,0,8.106,15.2024,52,1,0,1,106.99
24.7,36.91,6.211,6.5,22.1,7.44,1,6.094,15.1976,56,1,0,1,106.61
21.2,36.91,6.069,40.0,22.1,9.55,0,9.024,12.1696,53,0,0,1,107.09
19.3,36.91,5.682,33.8,22.1,10.21,0,8.086,11.1544,21,0,0,1,67.71
20.0,36.91,5.786,33.3,22.1,14.15,1,9.3,12.16,39,0,1,0,67.33
16.6,36.91,6.03,85.5,22.1,18.8,1,5.332,12.1328,44,0,0,1,104.74
14.4,36.91,5.399,95.3,22.1,30.81,0,7.088,14.1152,34,0,0,0,118.63
19.4,36.91,5.602,62.0,22.1,16.2,0,5.988,13.1552,45,0,1,1,137.17
19.7,35.64,5.963,45.7,23.2,13.45,1,0.0,11.1576,21,1,0,1,215.22
20.5,35.64,6.115,63.0,23.2,9.43,1,7.01,11.164,30,1,1,0,215.34
25.0,35.64,6.511,21.1,23.2,5.28,0,9.9,14.2,56,1,0,1,215.23
23.4,35.64,5.998,21.4,23.2,8.43,0,9.168,11.1872,41,1,0,1,215.42
18.9,34.0,5.888,47.6,18.9,14.8,1,8.678,15.1512,55,0,0,0,286.21
35.4,31.22,7.249,21.9,22.1,4.81,1,7.508,13.2832,50,0,0,1,571.73
24.7,30.74,6.383,35.7,22.7,5.77,1,5.794,15.1976,22,0,1,0,711.85
31.6,31.32,6.816,40.5,24.9,3.95,1,7.432,15.2528,45,0,1,0,479.67
23.3,35.13,6.145,29.2,20.3,6.86,0,7.866,14.1864,22,0,0,0,372.28
19.6,35.13,5.927,47.2,20.3,9.22,1,6.192,14.1568,20,0,0,0,230.01
18.7,35.13,5.741,66.2,20.3,13.15,0,7.974,11.1496,30,0,0,1,271.89
16.0,35.13,5.966,93.4,20.3,14.44,0,6.22,15.128,48,1,0,1,216.09
22.2,35.13,6.456,67.8,20.3,6.73,1,5.844,10.1776,56,0,0,0,271.66
25.0,35.13,6.762,43.4,20.3,9.5,1,5.9,13.2,28,0,1,1,405.5
33.0,31.38,7.104,59.5,21.4,8.05,1,8.26,10.264,30,0,1,1,722.83
23.5,33.37,6.29,17.8,23.9,4.67,0,9.47,12.188,20,1,0,1,190.99
19.4,33.37,5.787,31.1,23.9,10.24,0,8.988,11.1552,44,0,1,1,190.66
22.0,36.07,5.878,21.4,21.1,8.1,1,7.14,13.176,29,0,0,1,178.16
17.4,36.07,5.594,36.8,21.1,13.09,0,8.848,15.1392,40,1,0,1,177.84
20.9,36.07,5.885,33.0,21.1,8.79,0,8.318,11.1672,56,0,1,0,178.45
24.2,40.81,6.417,6.6,20.8,6.72,1,9.784,14.1936,38,1,0,1,77.6
21.7,40.81,5.961,17.5,20.8,9.88,0,10.034,13.1736,46,0,1,1,78.04
22.8,40.81,6.065,7.8,20.8,5.52,0,5.856,10.1824,20,0,0,1,77.79
23.4,40.81,6.245,6.2,20.8,7.54,1,5.968,12.1872,45,0,1,0,78.02
24.1,42.83,6.273,6.0,21.3,6.78,0,7.882,10.1928,40,0,0,1,32.37
21.4,42.83,6.286,45.0,21.3,8.94,0,6.028,10.1712,28,1,0,0,40.52
20.0,42.83,6.279,74.5,21.3,11.97,0,7.3,12.16,22,0,0,0,26.76
20.8,42.83,6.14,45.8,21.3,10.27,1,5.916,11.1664,57,0,0,1,27.79
21.2,42.83,6.232,53.7,21.3,12.34,1,8.824,15.1696,53,1,1,0,62.91
20.3,42.83,5.874,36.6,21.3,9.1,0,6.406,15.1624,37,1,1,1,40.92
28.0,34.86,6.727,33.5,21.0,5.29,1,6.46,14.224,54,1,1,0,84.99
23.9,34.86,6.619,70.4,21.0,7.22,1,5.578,12.1912,49,0,1,0,84.64
24.8,34.86,6.302,32.2,21.0,6.72,0,6.096,10.1984,20,0,0,1,85.09
22.9,34.86,6.167,46.7,21.0,7.51,1,7.558,10.1832,34,1,1,0,84.79
23.9,34.49,6.389,48.0,21.5,9.62,0,6.678,14.1912,23,0,1,0,51.98
26.6,34.49,6.63,56.1,21.5,6.53,0,9.732,12.2128,56,1,0,1,38.68
22.5,34.49,6.015,45.1,21.5,12.86,1,5.95,11.18,50,1,0,1,38.31
22.2,34.49,6.121,56.8,21.5,8.44,1,7.244,12.1776,43,0,0,0,19.64
23.6,33.41,7.007,86.3,22.2,5.5,0,6.972,10.1888,28,1,0,1,13.58
28.7,33.41,7.079,63.1,22.2,5.7,1,7.574,15.2296,31,1,0,0,13.34
22.6,33.41,6.417,66.1,22.2,8.81,1,7.352,15.1808,58,0,1,0,9.13
22.0,33.41,6.405,73.9,22.2,8.2,0,8.24,13.176,23,1,0,1,9.06
22.9,45.04,6.442,53.6,21.8,8.16,0,9.158,14.1832,60,1,1,0,17.8
25.0,45.04,6.211,28.9,21.8,6.21,0,10.3,14.2,46,1,1,1,17.97
20.6,45.04,6.249,77.3,21.8,10.59,0,5.712,13.1648,54,1,1,1,16.91
28.4,32.89,6.625,57.8,22.0,6.65,0,9.968,14.2272,46,1,0,1,14.83
21.4,32.89,6.163,69.6,22.0,11.34,0,10.228,12.1712,21,1,0,1,14.9
38.7,32.89,8.069,76.0,22.0,4.21,1,6.274,12.3096,53,1,0,1,14.87
43.8,32.89,7.82,36.9,22.0,3.57,1,10.876,10.3504,25,0,1,1,14.95
33.2,32.89,7.416,62.5,22.0,6.19,0,6.564,13.2656,31,1,0,1,14.78
27.5,38.56,6.727,79.9,19.1,9.42,1,9.65,15.22,24,0,1,0,5.88
26.5,38.56,6.781,71.3,19.1,7.67,1,7.23,10.212,58,1,0,1,6.52
18.6,38.56,6.405,85.4,19.1,10.63,0,6.772,13.1488,57,1,1,1,5.38
19.3,38.56,6.137,87.4,19.1,13.44,1,6.886,14.1544,36,1,0,0,5.34
20.1,38.56,6.167,90.0,19.1,12.33,1,7.102,10.1608,20,1,0,0,3.38
19.5,38.56,5.851,96.7,19.1,16.47,1,7.89,13.156,57,1,0,0,1.96
19.5,38.56,5.836,91.9,19.1,18.66,1,10.29,14.156,20,0,1,0,2.34
20.4,38.56,6.127,85.2,19.1,14.09,1,6.008,14.1632,57,0,1,1,2.01
19.8,38.56,6.474,97.1,19.1,12.27,0,8.596,10.1584,48,0,1,1,3.46
19.4,38.56,6.229,91.2,19.1,15.55,1,9.788,14.1552,41,0,0,0,4.13
21.7,38.56,6.195,54.4,19.1,13.0,1,6.934,10.1736,37,0,0,0,5.83
22.8,40.01,6.715,81.6,22.2,10.16,1,5.656,13.1824,34,1,0,1,5.01
18.8,40.01,5.913,92.9,22.2,16.21,1,0.0,15.1504,35,0,0,1,3.01
18.7,40.01,6.092,95.4,22.2,17.09,1,10.074,10.1496,59,0,0,1,4.16
18.5,40.01,6.254,84.2,22.2,10.45,0,6.67,12.148,39,1,1,1,2.55
18.3,40.01,5.928,88.2,22.2,15.76,0,7.566,11.1464,24,1,0,0,3.62
21.2,40.01,6.176,72.5,22.2,12.04,0,6.524,13.1696,23,1,0,0,5.43
19.2,40.01,6.021,82.6,22.2,10.3,0,9.484,15.1536,28,1,1,1,5.66
20.4,40.01,5.872,73.1,22.2,15.37,1,8.008,14.1632,40,0,0,1,3.7
19.3,40.01,5.731,65.2,22.2,13.61,1,10.186,11.1544,20,1,0,1,5.73
22.0,55.65,5.87,69.7,20.9,14.37,1,7.84,10.176,23,1,0,1,2.54
20.3,55.65,6.004,84.1,20.9,14.27,1,9.706,10.1624,39,1,1,1,2.29
20.5,55.65,5.961,92.9,20.9,17.93,1,8.91,10.164,51,1,0,0,1.87
17.3,55.65,5.856,97.0,20.9,25.41,1,9.146,10.1384,51,0,1,0,1.4
18.8,55.65,5.879,95.8,20.9,17.58,0,6.276,13.1504,56,0,0,1,1.59
21.4,55.65,5.986,88.4,20.9,14.81,1,8.128,14.1712,22,0,1,0,1.53
15.7,55.65,5.613,95.6,20.9,27.26,0,7.714,10.1256,42,0,1,0,0.93
16.2,51.89,5.693,96.0,18.8,17.19,1,5.924,15.1296,31,0,0,0,0.99
18.0,51.89,6.431,98.8,18.8,15.39,0,8.16,14.144,41,0,0,0,1.07
14.3,51.89,5.637,94.7,18.8,18.34,1,7.886,10.1144,30,0,1,0,1.5
19.2,51.89,6.458,98.9,18.8,12.6,1,8.984,13.1536,25,0,0,0,1.95
19.6,51.89,6.326,97.7,18.8,12.26,1,7.592,12.1568,29,0,0,0,2.61
23.0,51.89,6.372,97.9,18.8,11.12,1,8.96,12.184,57,1,1,1,2.92
18.4,51.89,5.822,95.4,18.8,15.03,1,10.268,10.1472,58,1,1,1,3.69
15.6,51.89,5.757,98.4,18.8,17.31,0,9.012,11.1248,32,1,1,1,3.02
18.1,51.89,6.335,98.2,18.8,16.96,1,7.862,11.1448,37,1,0,1,1.95
17.4,51.89,5.942,93.5,18.8,16.9,0,10.148,10.1392,37,1,0,1,1.44
17.1,51.89,6.454,98.4,18.8,14.59,1,6.942,11.1368,40,1,0,0,1.11
13.3,51.89,5.857,98.2,18.8,21.32,0,8.066,14.1064,39,1,0,1,0.75
17.8,51.89,6.151,97.9,18.8,18.46,1,8.656,10.1424,29,0,1,0,0.76
14.0,51.89,6.174,93.6,18.8,24.16,0,5.68,10.112,28,0,1,0,0.63
14.4,51.89,5.019,100.0,18.8,34.41,1,9.988,12.1152,43,0,0,0,0.4
13.4,49.58,5.403,100.0,25.3,26.82,1,5.268,13.1072,42,0,0,1,0.29
15.6,49.58,5.468,100.0,25.3,26.42,1,7.312,13.1248,25,0,0,0,0.38
11.8,49.58,4.903,97.8,25.3,29.29,1,6.636,13.0944,52,0,0,1,0.31
13.8,49.58,6.13,100.0,25.3,27.8,1,7.776,10.1104,59,1,0,1,0.37
15.6,49.58,5.628,100.0,25.3,16.65,1,5.612,10.1248,32,1,0,1,0.49
14.6,49.58,4.926,95.7,25.3,29.53,0,6.892,11.1168,24,0,0,0,0.42
17.8,49.58,5.186,93.8,25.3,28.32,0,9.856,14.1424,43,0,1,0,0.53
15.4,49.58,5.597,94.9,25.3,21.45,0,10.108,15.1232,48,1,0,0,0.52
21.5,49.58,6.122,97.3,25.3,14.1,0,5.53,12.172,34,0,0,1,0.66
19.6,49.58,5.404,100.0,25.3,13.28,0,6.492,11.1568,42,0,0,1,0.61
15.3,49.58,5.012,88.0,25.3,12.12,1,5.406,10.1224,46,0,0,0,0.63
19.4,49.58,5.709,98.5,25.3,15.79,0,6.088,12.1552,58,1,0,0,0.67
17.0,49.58,6.129,96.0,25.3,15.12,0,7.44,15.136,48,1,1,1,0.91
15.6,49.58,6.152,82.6,25.3,15.02,0,9.912,11.1248,37,1,0,1,0.91
13.1,49.58,5.272,94.0,25.3,16.14,0,6.362,10.1048,60,0,0,1,0.88
41.3,49.58,6.943,97.4,25.3,4.59,1,8.226,13.3304,57,0,0,0,1.24
24.3,49.58,6.066,100.0,25.3,6.43,0,8.886,13.1944,46,1,0,1,0.93
23.3,49.58,6.51,100.0,25.3,7.39,1,7.166,12.1864,36,1,1,0,0.96
27.0,49.58,6.25,92.6,25.3,5.5,1,8.44,12.216,23,0,1,0,1.03
50.0,49.58,7.489,90.8,25.3,1.73,1,10.5,11.4,35,0,0,0,1.48
50.0,49.58,7.802,98.2,25.3,1.92,1,8.4,12.4,22,0,1,0,1.71
50.0,49.58,8.375,93.9,25.3,3.32,1,8.0,12.4,57,0,0,1,2.16
22.7,49.58,5.854,91.8,25.3,11.64,1,8.354,15.1816,56,1,1,0,3.39
25.0,49.58,6.101,93.0,25.3,9.81,1,10.0,12.2,22,1,0,1,2.65
50.0,49.58,7.929,96.2,25.3,3.7,1,8.3,15.4,37,0,0,1,1.73
23.8,49.58,5.877,79.2,25.3,12.14,1,10.076,10.1904,22,1,1,0,3.41
23.8,49.58,6.319,96.1,25.3,11.1,0,6.676,11.1904,23,1,0,0,1.91
22.3,49.58,6.402,95.2,25.3,11.32,0,5.546,15.1784,22,1,1,1,2.61
17.4,49.58,5.875,94.6,25.3,14.43,0,7.948,11.1392,28,1,1,0,3.31
19.1,49.58,5.88,97.3,25.3,12.03,0,9.782,12.1528,54,1,0,1,3.2
23.1,34.05,5.572,88.5,23.4,14.69,0,9.362,12.1848,38,1,0,1,4.53
23.6,34.05,6.416,84.1,23.4,9.04,1,9.872,10.1888,59,1,0,0,4.87
22.6,34.05,5.859,68.7,23.4,9.64,1,9.752,15.1808,35,1,0,1,5.2
29.4,34.05,6.546,33.1,23.4,5.33,1,6.188,12.2352,48,0,0,0,9.56
23.2,34.05,6.02,47.2,23.4,10.11,1,8.564,15.1856,49,1,1,0,15.85
24.6,34.05,6.315,73.4,23.4,6.29,1,7.092,14.1968,31,1,1,0,12.14
29.9,34.05,6.86,74.4,23.4,6.92,0,5.898,11.2392,28,0,0,0,7.04
37.2,32.46,6.98,58.4,22.2,5.04,0,9.744,11.2976,50,0,1,0,6.35
39.8,32.46,7.765,83.3,22.2,7.56,1,8.496,14.3184,60,0,1,1,5.54
36.2,32.46,6.144,62.2,22.2,9.45,1,6.624,15.2896,59,0,0,1,4.52
37.9,32.46,7.155,92.2,22.2,4.82,1,9.258,15.3032,56,0,0,1,5.26
32.5,32.46,6.563,95.6,22.2,5.68,1,7.35,14.26,60,0,1,0,6.52
26.4,32.46,5.604,89.8,22.2,13.98,1,9.928,10.2112,27,1,1,0,7.97
29.6,32.46,6.153,68.8,22.2,13.15,1,8.192,11.2368,45,1,1,0,11.5
50.0,32.46,7.831,53.6,22.2,4.45,1,6.0,13.4,35,0,1,0,10.24
32.0,33.44,6.782,41.1,24.8,6.68,1,7.84,13.256,23,0,0,1,20.57
29.8,33.44,6.556,29.1,24.8,4.56,1,7.596,10.2384,40,1,0,1,43.4
34.9,33.44,7.185,38.9,24.8,5.39,0,9.298,14.2792,20,0,0,1,43.36
33.0,33.44,6.951,21.5,24.8,5.1,0,6.16,11.264,55,0,0,0,176.11
30.5,33.44,6.739,30.8,24.8,4.69,0,8.81,11.244,40,1,0,0,175.66
36.4,33.44,7.178,26.3,24.8,2.87,1,10.528,11.2912,40,1,1,0,175.66
31.1,32.93,6.8,9.9,24.4,5.03,0,6.822,13.2488,24,1,0,1,149.16
29.1,32.93,6.604,18.8,24.4,4.38,0,9.282,14.2328,59,1,0,1,149.11
50.0,30.46,7.875,32.0,25.6,2.97,1,8.2,14.4,26,0,0,1,101.79
33.3,31.52,7.287,34.1,27.4,4.08,1,7.266,15.2664,20,1,1,1,284.86
30.3,31.52,7.107,36.6,27.4,8.61,1,6.906,14.2424,24,1,1,1,284.96
34.6,31.52,7.274,38.3,27.4,6.62,0,10.192,14.2768,43,1,1,0,285.12
34.9,31.47,6.975,15.3,23.0,4.56,1,7.998,13.2792,24,1,0,0,342.26
32.9,31.47,7.135,13.9,23.0,4.45,0,5.958,10.2632,22,0,1,0,342.02
24.1,32.03,6.162,38.4,25.3,7.43,1,7.782,12.1928,32,0,0,1,154.65
42.3,32.03,7.61,15.7,25.3,3.11,0,10.546,14.3384,30,0,1,1,154.04
48.5,32.68,7.853,33.2,25.3,3.81,0,8.77,11.388,22,0,0,0,68.29
50.0,32.68,8.034,31.9,25.3,2.88,1,8.9,15.4,51,0,0,1,68.42
22.6,40.59,5.891,22.3,21.4,10.87,1,7.952,15.1808,26,0,0,1,24.1
24.4,40.59,6.326,52.5,21.4,10.97,1,6.688,11.1952,52,1,0,1,35.89
22.5,40.59,5.783,72.7,21.4,18.06,1,7.95,10.18,38,0,0,0,35.56
24.4,40.59,6.064,59.1,21.4,14.66,1,6.888,14.1952,31,0,0,0,32.16
20.0,40.59,5.344,100.0,21.4,23.09,0,7.9,13.16,60,0,0,0,22.41
21.7,40.59,5.96,92.1,21.4,17.27,1,8.034,12.1736,36,0,0,0,22.48
19.3,40.59,5.404,88.6,21.4,23.98,0,5.986,14.1544,39,0,0,1,17.89
22.4,40.59,5.807,53.8,21.4,16.03,1,6.848,13.1792,20,0,0,1,17.78
28.1,40.59,6.375,32.3,21.4,9.38,1,7.562,10.2248,3,1,0,0,24.04
23.7,40.59,5.412,9.8,21.4,29.55,1,5.674,11.1896,21,0,0,0,16.59
25.0,40.59,6.182,42.4,21.4,9.47,1,0.0,12.2,30,0,1,0,24.23
23.3,43.89,5.888,56.0,23.6,13.51,1,5.466,12.1864,22,1,1,1,9.15
28.7,43.89,6.642,85.1,23.6,9.69,0,9.274,14.2296,23,1,0,0,13.59
21.5,43.89,5.951,93.8,23.6,17.92,1,8.73,14.172,49,0,0,0,6.94
23.0,43.89,6.373,92.4,23.6,10.5,1,6.16,13.184,21,1,0,0,12.75
26.7,36.2,6.951,88.5,22.6,9.71,0,8.734,11.2136,23,0,0,1,6.64
21.7,36.2,6.164,91.3,22.6,21.46,1,5.734,14.1736,37,0,0,0,8.52
27.5,36.2,6.879,77.7,22.6,9.93,1,9.45,12.22,50,0,1,1,11.43
30.1,36.2,6.618,80.8,22.6,7.6,1,9.702,12.2408,39,0,0,1,11.26
44.8,36.2,8.266,78.3,22.6,4.14,1,6.796,12.3584,47,0,1,0,6.98
50.0,36.2,8.725,83.0,22.6,4.63,1,7.5,13.4,20,0,0,1,6.94
37.6,36.2,8.04,86.5,22.6,3.13,1,5.952,10.3008,54,1,1,1,10.6
31.6,36.2,7.163,79.9,22.6,6.36,0,6.332,10.2528,34,0,0,1,10.7
46.7,36.2,7.686,17.0,22.6,3.92,1,10.134,14.3736,43,0,1,0,12.9
31.5,36.2,6.552,21.4,22.6,3.76,1,7.33,15.252,47,0,0,0,12.9
24.3,36.2,5.981,68.1,22.6,11.65,0,8.286,10.1944,59,1,0,0,18.07
31.7,36.2,7.412,76.9,22.6,5.25,1,6.734,10.2536,26,0,0,0,18.05
41.7,36.2,8.337,73.3,22.6,2.47,1,6.634,11.3336,28,1,0,1,21.65
48.3,36.2,8.247,70.4,22.6,3.95,1,9.066,11.3864,23,0,0,0,17.7
29.0,36.2,6.726,66.5,22.6,8.05,1,9.88,13.232,32,1,0,1,17.68
24.0,36.2,6.086,61.5,22.6,10.88,1,9.18,14.192,57,0,0,0,17.62
25.1,36.2,6.631,76.5,22.6,9.54,1,9.402,15.2008,36,0,1,1,29.44
31.5,36.2,7.358,71.6,22.6,4.73,1,10.53,12.252,34,1,0,1,29.46
23.7,34.93,6.481,18.5,23.4,6.36,1,7.374,12.1896,48,0,1,1,146.53
23.3,34.93,6.606,42.2,23.4,7.37,0,5.566,15.1864,51,0,1,1,146.62
27.0,34.93,6.897,54.3,23.4,11.38,1,10.24,11.216,24,0,0,0,160.92
20.1,34.93,6.095,65.1,23.4,12.4,0,8.302,13.1608,41,1,0,0,160.7
22.2,34.93,6.358,52.9,23.4,11.22,1,6.044,10.1776,42,0,0,1,244.74
23.7,34.93,6.393,7.8,23.4,5.19,1,7.374,15.1896,26,1,0,1,245.25
17.6,35.86,5.593,76.5,20.9,12.5,0,6.252,12.1408,42,0,0,0,399.89
18.5,35.86,5.605,70.2,20.9,18.46,1,9.27,10.148,59,1,0,0,398.85
24.3,35.86,6.108,34.9,20.9,9.16,1,7.086,11.1944,25,0,0,0,419.64
20.5,35.86,6.226,79.2,20.9,10.15,0,9.81,12.164,31,0,0,1,420.44
24.5,35.86,6.433,49.1,20.9,9.52,1,8.39,15.196,43,0,0,1,375.09
26.2,35.86,6.718,17.5,20.9,6.56,1,9.324,11.2096,39,1,0,0,374.12
24.4,35.86,6.487,13.0,20.9,5.9,1,6.188,14.1952,38,1,0,1,299.09
24.8,35.86,6.438,8.9,20.9,3.59,0,10.296,12.1984,50,1,1,0,299.25
29.6,35.86,6.957,6.8,20.9,3.53,0,8.992,12.2368,57,0,1,1,627.68
42.8,35.86,8.259,8.4,20.9,3.54,0,10.856,13.3424,53,0,0,1,629.09
21.9,33.64,6.108,32.0,23.6,6.57,0,6.538,12.1752,56,0,0,1,721.5
20.9,33.64,5.876,19.1,23.6,9.25,0,7.818,15.1672,31,0,0,0,722.2
44.0,33.75,7.454,34.2,24.1,3.11,0,6.68,13.352,38,0,0,1,160.18
50.0,33.97,8.704,86.9,27.0,5.12,1,8.6,11.4,54,0,0,1,1.03
36.0,33.97,7.333,100.0,27.0,7.79,1,8.02,15.288,58,1,0,1,1.24
30.1,33.97,6.842,100.0,27.0,6.9,1,7.302,11.2408,40,1,0,1,1.59
33.8,33.97,7.203,81.8,27.0,9.59,1,0.0,11.2704,21,1,1,0,1.97
43.1,33.97,7.52,89.4,27.0,7.26,1,6.662,11.3448,24,0,1,1,2.06
48.8,33.97,8.398,91.5,27.0,5.91,1,10.076,15.3904,24,0,0,1,2.7
31.0,33.97,7.327,94.5,27.0,11.25,1,5.72,11.248,60,1,0,0,1.81
36.5,33.97,7.206,91.6,27.0,8.1,1,8.53,14.292,36,0,0,1,1.35
22.8,33.97,5.56,62.8,27.0,10.45,0,7.456,13.1824,59,0,0,0,1.54
30.7,33.97,7.014,84.6,27.0,14.79,0,6.114,10.2456,41,0,0,1,2.04
50.0,33.97,8.297,67.0,27.0,7.44,1,8.0,15.4,42,0,0,0,3.39
43.5,33.97,7.47,52.6,27.0,3.16,0,9.07,15.348,43,1,1,0,6.71
20.7,36.96,5.92,61.5,21.4,13.65,0,10.414,14.1656,29,1,1,1,23.41
21.1,36.96,5.856,42.1,21.4,13.0,1,6.222,15.1688,27,0,0,0,38.4
25.2,36.96,6.24,16.3,21.4,6.59,0,6.604,10.2016,25,1,0,1,38.32
24.4,36.96,6.538,58.7,21.4,7.73,1,8.488,13.1952,40,1,0,1,23.45
35.2,36.96,7.691,51.8,21.4,6.58,1,6.004,10.2816,39,0,0,1,36.28
32.4,36.41,6.758,32.9,22.4,3.53,0,10.648,12.2592,30,1,0,1,27.53
32.0,36.41,6.854,42.8,22.4,2.98,1,8.84,12.256,23,0,0,1,33.06
33.2,36.41,7.267,49.0,22.4,6.05,0,8.564,11.2656,35,0,1,0,52.4
33.1,36.41,6.826,27.6,22.4,4.16,0,6.262,11.2648,21,0,0,1,55.69
29.1,36.41,6.482,32.1,22.4,7.19,1,6.282,10.2328,38,0,0,1,29.17
35.1,33.33,6.812,32.2,25.1,4.85,0,9.602,12.2808,26,1,1,0,28.14
45.4,33.33,7.82,64.5,25.1,3.76,0,7.108,10.3632,50,0,0,0,48.29
35.4,33.33,6.968,37.2,25.1,4.59,1,8.508,14.2832,48,0,0,0,75.13
46.0,33.33,7.645,49.7,25.1,3.01,1,8.72,12.368,25,0,1,0,73.38
50.0,31.21,7.923,24.8,26.4,3.16,1,8.7,13.4,20,0,1,0,119.65
32.2,32.97,7.088,20.8,24.7,7.85,1,7.844,12.2576,30,0,1,1,284.49
22.0,32.25,6.453,31.9,24.7,8.23,1,10.44,14.176,55,1,0,0,284.97
20.1,31.76,6.23,31.5,21.8,12.93,1,8.302,10.1608,39,0,0,0,681.07
23.2,35.32,6.209,31.3,23.4,7.14,1,9.964,14.1856,60,1,1,0,286.65
22.3,35.32,6.315,45.6,23.4,7.6,0,5.846,12.1784,22,0,0,1,286.11
24.8,35.32,6.565,22.9,23.4,9.51,0,9.096,14.1984,60,1,0,0,286.29
28.5,34.95,6.861,27.9,20.8,3.33,1,8.07,11.228,53,1,0,1,68.42
37.3,34.95,7.148,27.7,20.8,3.56,1,8.146,10.2984,37,0,0,0,68.42
27.9,34.95,6.63,23.4,20.8,4.7,0,8.458,12.2232,37,1,0,1,68.35
23.9,43.92,6.127,18.4,24.0,8.58,1,7.278,14.1912,46,1,0,1,91.54
21.7,43.92,6.009,42.3,24.0,10.4,0,8.834,11.1736,23,1,1,0,91.66
28.6,43.92,6.678,31.1,24.0,6.27,1,6.972,10.2288,44,0,0,1,125.94
27.1,43.92,6.549,51.0,24.0,7.39,0,10.442,10.2168,26,1,0,0,125.8
20.3,43.92,5.79,58.0,24.0,15.84,1,7.606,11.1624,42,0,0,0,159.3
22.5,32.24,6.345,20.1,25.2,4.97,0,9.45,13.18,48,1,1,0,374.96
29.0,32.24,7.041,10.0,25.2,4.74,1,7.98,11.232,36,1,1,0,375.41
24.8,32.24,6.871,47.4,25.2,6.07,1,9.096,11.1984,29,0,0,1,375.01
22.0,36.09,6.59,40.4,23.9,9.5,1,9.94,12.176,21,1,0,1,90.98
26.4,36.09,6.495,18.4,23.9,8.67,1,7.928,11.2112,42,0,1,1,90.45
33.1,36.09,6.982,17.7,23.9,4.86,0,8.262,14.2648,34,0,0,0,90.77
36.1,32.18,7.236,41.1,21.6,6.93,0,6.922,10.2888,55,0,0,1,26.16
28.4,32.18,6.616,58.1,21.6,8.93,0,6.568,15.2272,22,1,0,0,12.73
33.4,32.18,7.42,71.9,21.6,6.47,1,10.668,12.2672,23,1,0,1,9.16
28.2,32.18,6.849,70.3,21.6,7.53,1,10.464,12.2256,46,1,1,1,10.2
22.8,39.9,6.635,82.5,21.6,4.54,0,7.156,11.1824,31,0,0,1,12.03
20.3,39.9,5.972,76.7,21.6,9.97,1,10.106,11.1624,51,1,0,0,9.15
16.1,39.9,4.973,37.8,21.6,12.64,0,7.322,11.1288,27,1,0,1,3.99
22.1,39.9,6.122,52.8,21.6,5.98,1,8.242,15.1768,46,1,0,1,4.78
19.4,39.9,6.023,90.4,21.6,11.72,1,6.288,13.1552,26,1,0,0,6.33
21.6,39.9,6.266,82.8,21.6,7.9,1,8.832,14.1728,33,0,0,0,11.27
23.8,39.9,6.567,87.3,21.6,9.28,1,9.576,13.1904,56,0,1,0,16.71
16.2,39.9,5.705,77.7,21.6,11.5,0,6.724,12.1296,58,1,0,1,24.17
17.8,39.9,5.914,83.2,21.6,18.33,0,7.256,12.1424,43,0,0,1,25.46
19.8,39.9,5.782,71.7,21.6,15.94,0,9.796,12.1584,50,0,0,1,26.34
23.1,39.9,6.382,67.2,21.6,10.36,0,5.562,10.1848,53,1,0,0,15.49
21.0,39.9,6.113,58.8,21.6,12.73,0,10.32,12.168,36,0,1,1,25.58
23.8,37.38,6.426,52.3,20.4,7.2,1,6.776,13.1904,48,1,0,1,42.39
23.1,37.38,6.376,54.3,20.4,6.87,1,7.762,14.1848,40,1,1,0,42.1
20.4,37.38,6.041,49.9,20.4,7.7,0,8.908,13.1632,40,1,0,0,49.56
18.5,37.38,5.708,74.3,20.4,11.74,1,6.57,15.148,25,0,0,0,49.47
25.0,37.38,6.415,40.1,20.4,6.12,0,8.6,15.2,52,0,0,1,49.25
24.6,37.38,6.431,14.7,20.4,5.08,0,7.992,15.1968,45,0,0,0,85.93
23.0,37.38,6.312,28.9,20.4,6.15,1,7.06,12.184,36,1,0,1,85.85
22.2,37.38,6.083,43.7,20.4,12.79,0,9.044,15.1776,27,0,0,0,85.86
19.3,33.24,5.868,25.8,23.1,9.97,1,9.986,10.1544,35,0,1,0,73.81
22.6,33.24,6.333,17.2,23.1,7.34,0,5.552,14.1808,53,1,0,0,73.75
19.8,33.24,6.144,32.2,23.1,9.09,0,9.396,11.1584,26,1,0,1,118.87
17.1,36.06,5.706,28.4,23.1,12.43,0,6.742,14.1368,21,1,1,0,194.37
19.4,36.06,6.031,23.3,23.1,7.83,1,7.488,14.1552,22,1,0,0,193.73
22.2,35.19,6.316,38.1,19.8,5.68,0,9.144,11.1776,34,1,0,0,173.52
20.7,35.19,6.31,38.5,19.8,6.75,1,7.514,15.1656,53,1,1,1,173.95
21.1,35.19,6.037,34.5,19.8,8.01,1,8.922,14.1688,57,1,0,0,127.75
19.5,35.19,5.869,46.3,19.8,9.8,0,10.09,15.156,53,0,0,1,74.41
18.5,35.19,5.895,59.6,19.8,10.56,1,8.27,12.148,21,0,0,1,99.22
20.6,35.19,6.059,37.3,19.8,8.51,1,8.112,14.1648,26,0,0,1,53.45
19.0,35.19,5.985,45.4,19.8,9.74,0,6.38,11.152,28,0,1,0,53.51
18.7,35.19,5.968,58.5,19.8,9.29,1,6.474,13.1496,20,0,0,0,53.39
32.7,31.52,7.241,49.3,24.5,5.49,1,6.254,13.2616,48,0,0,0,244.72
16.5,31.89,6.54,59.7,24.1,8.65,1,7.33,11.132,40,1,0,1,153.6
23.9,33.78,6.696,56.4,22.4,7.18,1,8.978,15.1912,52,1,1,1,107.66
31.2,33.78,6.874,28.1,22.4,4.61,0,10.624,11.2496,23,1,0,1,174.25
17.5,34.39,6.014,48.5,21.2,10.53,1,7.15,13.14,26,1,1,0,411.43
17.2,34.39,5.898,52.3,21.2,12.67,0,6.044,13.1376,46,1,0,1,412.13
23.1,34.15,6.516,27.7,22.1,6.36,1,8.162,12.1848,47,0,1,0,530.59
24.5,32.01,6.635,29.7,23.0,5.99,1,6.29,13.196,45,0,0,0,483.54
26.6,31.25,6.939,34.5,20.3,5.89,1,5.632,11.2128,30,0,0,0,597.93
22.9,31.25,6.49,44.4,20.3,5.98,0,7.258,15.1832,55,1,0,1,596.48
24.1,31.69,6.579,35.9,21.7,5.49,1,5.582,10.1928,45,0,0,1,1315.87
18.6,31.69,5.884,18.5,21.7,7.79,1,7.372,11.1488,50,0,0,1,1316.06
30.1,32.02,6.728,36.1,23.0,4.5,1,6.102,12.2408,40,0,1,0,2162.05
18.2,31.91,5.663,21.9,18.0,8.05,0,8.764,12.1456,34,0,0,0,1254.64
20.6,31.91,5.936,19.5,18.0,5.57,0,9.312,13.1648,53,0,0,1,1254.8
17.8,48.1,6.212,97.4,19.8,17.6,0,5.956,14.1424,39,1,0,0,1.99
21.7,48.1,6.395,91.0,19.8,13.27,0,7.034,13.1736,56,0,1,0,3.85
22.7,48.1,6.127,83.4,19.8,11.48,0,6.354,15.1816,42,0,1,1,5.42
22.6,48.1,6.112,81.3,19.8,12.67,0,0.0,14.1808,26,0,1,0,3.91
25.0,48.1,6.398,88.0,19.8,7.79,0,8.8,10.2,37,1,0,0,3.96
19.9,48.1,6.251,91.1,19.8,14.19,1,8.898,13.1592,56,0,0,1,2.73
20.8,48.1,5.362,96.2,19.8,10.19,0,8.016,14.1664,52,0,1,0,1.93
16.8,48.1,5.803,89.0,19.8,14.64,1,9.736,15.1344,57,0,1,1,1.31
21.9,48.1,8.78,82.9,19.8,5.29,0,8.038,12.1752,26,1,0,1,1.31
27.5,48.1,3.561,87.9,19.8,7.12,1,8.05,12.22,51,0,0,1,0.67
21.9,48.1,4.963,91.4,19.8,14.0,0,10.238,14.1752,58,0,1,0,0.91
23.1,48.1,3.863,100.0,19.8,13.33,0,9.962,11.1848,24,0,1,0,0.51
50.0,48.1,4.97,100.0,19.8,3.26,0,9.7,13.4,41,0,0,1,0.31
50.0,48.1,6.683,96.8,19.8,3.73,1,6.7,15.4,58,0,0,1,0.31
50.0,48.1,7.016,97.5,19.8,2.96,1,10.1,12.4,46,0,0,0,0.2
50.0,48.1,6.216,100.0,19.8,9.53,1,9.8,13.4,25,0,0,0,0.18
50.0,48.1,5.875,89.6,19.8,8.88,1,10.8,12.4,57,0,0,0,0.16
13.8,48.1,4.906,100.0,19.8,34.77,1,6.876,13.1104,56,0,0,0,0.18
13.8,48.1,4.138,100.0,19.8,37.97,0,7.076,13.1104,35,0,1,0,0.16
15.0,48.1,7.313,97.9,19.8,13.44,0,8.9,15.12,45,1,0,0,0.25
13.9,48.1,6.649,93.3,19.8,23.24,1,9.478,15.1112,26,0,0,0,0.31
13.3,48.1,6.794,98.8,19.8,21.24,1,6.066,14.1064,22,1,0,0,0.32
13.1,48.1,6.38,96.2,19.8,23.69,1,9.262,14.1048,54,0,1,0,0.36
10.2,48.1,6.223,100.0,19.8,21.78,0,7.904,11.0816,46,1,1,1,0.36
10.4,48.1,6.968,91.9,19.8,17.21,1,9.408,14.0832,21,1,0,0,0.38
10.9,48.1,6.545,99.1,19.8,21.08,0,8.618,10.0872,60,1,1,1,0.51
11.3,48.1,5.536,100.0,19.8,23.6,1,8.226,11.0904,46,0,0,1,0.58
12.3,48.1,5.52,100.0,19.8,24.56,0,6.746,15.0984,41,0,1,0,0.54
8.8,48.1,4.368,91.2,19.8,30.63,0,5.676,14.0704,25,0,0,1,0.43
7.2,48.1,5.277,98.1,19.8,30.81,0,10.144,13.0576,36,0,1,1,0.41
10.5,48.1,4.652,100.0,19.8,28.28,1,7.71,15.084,34,0,0,1,0.43
7.4,48.1,5.0,89.5,19.8,31.99,0,8.348,15.0592,54,0,1,1,0.49
10.2,48.1,4.88,100.0,19.8,30.62,0,6.104,10.0816,25,0,1,0,0.63
11.5,48.1,5.39,98.9,19.8,20.85,0,6.03,12.092,51,0,1,1,0.86
15.1,48.1,5.713,97.0,19.8,17.11,1,9.702,11.1208,20,1,0,1,1.31
23.2,48.1,6.051,82.5,19.8,18.76,1,9.664,10.1856,53,0,0,1,2.18
9.7,48.1,5.036,97.0,19.8,25.68,0,5.494,14.0776,51,0,0,0,0.95
13.8,48.1,6.193,92.6,19.8,15.17,0,9.076,14.1104,55,0,0,1,1.0
12.7,48.1,5.887,94.7,19.8,16.35,0,6.754,15.1016,40,0,0,0,0.97
13.1,48.1,6.471,98.8,19.8,17.12,0,5.762,15.1048,29,1,1,1,0.86
12.5,48.1,6.405,96.0,19.8,19.37,1,5.45,11.1,24,1,0,1,0.78
8.5,48.1,5.747,98.9,19.8,19.92,0,9.27,14.068,22,1,0,0,0.71
5.0,48.1,5.453,100.0,19.8,30.59,0,9.3,13.04,26,0,1,0,0.47
6.3,48.1,5.852,77.8,19.8,29.97,0,6.726,14.0504,42,1,0,1,0.49
5.6,48.1,5.987,100.0,19.8,26.77,1,9.212,11.0448,30,1,1,0,0.61
7.2,48.1,6.343,100.0,19.8,20.32,1,7.344,10.0576,50,1,0,0,0.59
12.1,48.1,6.404,100.0,19.8,20.31,0,5.442,14.0968,42,1,0,1,0.7
8.3,48.1,5.349,96.0,19.8,19.77,1,0.0,15.0664,40,1,0,1,0.82
8.5,48.1,5.531,85.4,19.8,27.38,0,8.47,11.068,56,1,0,0,0.65
5.0,48.1,5.683,100.0,19.8,22.98,1,7.3,14.04,38,1,0,1,0.4
11.9,48.1,4.138,100.0,19.8,23.34,1,8.538,14.0952,53,1,0,1,0.17
27.9,48.1,5.608,100.0,19.8,12.13,1,6.658,13.2232,26,0,0,1,0.27
17.2,48.1,5.617,97.9,19.8,26.4,0,6.444,12.1376,25,0,0,1,0.44
27.5,48.1,6.852,100.0,19.8,19.78,1,7.65,14.22,57,0,1,0,0.45
15.0,48.1,5.757,100.0,19.8,10.11,0,9.6,11.12,52,1,0,1,0.37
17.2,48.1,6.657,100.0,19.8,21.22,0,9.644,14.1376,44,0,0,0,0.54
17.9,48.1,4.628,100.0,19.8,34.37,0,8.358,15.1432,40,0,0,0,0.55
16.3,48.1,5.155,100.0,19.8,20.08,0,6.626,14.1304,58,0,0,1,0.62
7.0,48.1,4.519,100.0,19.8,36.98,1,6.04,12.056,40,0,0,1,0.74
7.2,48.1,6.434,100.0,19.8,29.05,0,8.644,11.0576,59,0,0,0,1.13
7.5,48.1,6.782,90.8,19.8,25.79,1,0.0,10.06,35,1,0,1,1.07
10.4,48.1,5.304,89.1,19.8,26.64,1,8.608,15.0832,60,0,1,1,0.73
8.8,48.1,5.957,100.0,19.8,20.62,0,8.476,12.0704,52,0,0,0,1.04
8.4,48.1,6.824,76.5,19.8,22.74,0,5.968,13.0672,26,1,0,0,0.95
16.7,48.1,6.411,100.0,19.8,15.02,1,6.034,13.1336,48,0,1,1,1.19
14.2,48.1,6.006,95.3,19.8,15.7,0,8.284,10.1136,29,1,0,0,1.21
20.8,48.1,5.648,87.6,19.8,14.1,0,8.916,11.1664,36,1,0,0,1.4
13.4,48.1,6.103,85.1,19.8,23.29,0,8.268,81.12,29,0,1,0,1.64
11.7,48.1,5.565,70.6,19.8,17.16,0,7.834,11.0936,57,1,0,0,1.74
8.3,48.1,5.896,95.4,19.8,24.39,1,5.566,15.0664,51,0,1,0,1.31
10.2,48.1,5.837,59.7,19.8,15.69,0,9.104,14.0816,33,1,0,0,1.54
10.9,48.1,6.202,78.7,19.8,14.52,0,7.518,11.0872,42,1,1,0,1.17
11.0,48.1,6.193,78.1,19.8,21.52,1,8.52,12.088,45,1,0,1,1.4
9.5,48.1,6.38,95.6,19.8,24.08,1,8.79,12.076,52,0,0,0,1.48
14.5,48.1,6.348,86.1,19.8,17.64,0,9.09,11.116,53,1,0,1,1.75
14.1,48.1,6.833,94.3,19.8,19.69,1,6.682,14.1128,29,1,1,0,1.88
16.1,48.1,6.425,74.8,19.8,12.03,1,8.722,10.1288,42,1,0,0,2.31
14.3,48.1,6.436,87.9,19.8,16.22,0,6.186,10.1144,46,0,1,1,2.88
11.7,48.1,6.208,95.0,19.8,15.17,0,7.834,11.0936,37,1,0,0,2.41
13.4,48.1,6.629,94.6,19.8,23.27,0,10.168,12.1072,46,0,1,1,2.03
9.6,48.1,6.461,93.3,19.8,18.05,1,6.092,10.0768,57,0,0,1,1.56
8.2,48.1,6.152,100.0,19.8,26.45,0,9.864,11.0656,60,1,0,0,1.33
8.4,48.1,5.935,87.9,19.8,34.02,1,9.568,14.0672,57,0,0,0,1.09
12.8,48.1,5.627,93.9,19.8,22.88,1,8.456,15.1024,50,0,0,0,1.08
10.5,48.1,5.818,92.4,19.8,22.11,0,7.41,12.084,38,1,0,0,1.2
17.1,48.1,6.406,97.2,19.8,19.52,1,9.242,15.1368,58,0,1,1,1.79
14.8,48.1,6.219,100.0,19.8,16.59,0,7.096,14.1184,54,0,0,1,1.61
15.4,48.1,6.485,100.0,19.8,18.85,0,6.608,14.1232,21,1,0,1,1.47
10.8,48.1,5.854,96.6,19.8,23.79,0,5.516,12.0864,34,0,1,1,1.29
11.8,48.1,6.459,94.8,19.8,23.98,1,5.336,12.0944,28,1,0,1,1.53
14.9,48.1,6.341,96.4,19.8,17.79,0,10.198,15.1192,41,0,0,0,1.81
12.6,48.1,6.251,96.6,19.8,16.44,1,9.752,11.1008,37,1,0,0,2.3
14.1,48.1,6.185,98.7,19.8,18.13,1,9.082,13.1128,52,0,0,0,2.58
13.0,48.1,6.417,98.3,19.8,19.31,1,8.06,12.104,27,0,0,0,2.24
13.4,48.1,6.749,92.6,19.8,17.44,1,9.068,13.1072,59,1,1,0,2.88
15.2,48.1,6.655,98.2,19.8,17.73,1,8.104,11.1216,41,0,0,0,3.01
16.1,48.1,6.297,91.8,19.8,17.27,0,6.722,15.1288,21,1,0,0,3.13
17.8,48.1,7.393,99.3,19.8,16.74,1,5.956,11.1424,42,1,0,1,3.53
14.4,48.1,6.728,94.1,19.8,18.71,0,5.888,14.1152,34,1,0,1,3.84
14.1,48.1,6.525,86.5,19.8,18.13,0,7.782,14.1128,36,0,0,1,3.41
12.7,48.1,5.976,87.9,19.8,19.01,0,7.154,15.1016,31,0,0,1,4.39
13.5,48.1,5.936,80.3,19.8,16.94,0,8.87,13.108,46,1,0,0,5.92
14.9,48.1,6.301,83.7,19.8,16.23,0,5.598,15.1192,39,1,0,1,5.95
20.0,48.1,6.081,84.4,19.8,14.7,1,5.4,14.16,27,0,1,0,5.42
16.4,48.1,6.701,90.0,19.8,16.42,1,9.428,12.1312,29,1,0,1,4.5
17.7,48.1,6.376,88.4,19.8,14.65,1,9.854,13.1416,24,1,0,0,4.27
19.5,48.1,6.317,83.0,19.8,13.99,0,5.89,15.156,22,0,0,1,5.52
20.2,48.1,6.513,89.9,19.8,10.29,1,8.804,15.1616,30,0,0,0,6.12
21.4,48.1,6.209,65.4,19.8,13.22,0,7.828,11.1712,55,1,1,1,7.67
19.9,48.1,5.759,48.2,19.8,14.13,0,9.998,12.1592,43,0,0,0,8.75
19.0,48.1,5.952,84.7,19.8,17.15,1,8.38,10.152,21,1,0,0,6.71
19.1,48.1,6.003,94.5,19.8,21.32,0,9.482,13.1528,21,0,1,1,4.09
19.1,48.1,5.926,71.0,19.8,18.13,0,5.882,15.1528,28,0,0,0,7.12
20.1,48.1,5.713,56.7,19.8,14.76,0,6.302,13.1608,27,1,0,0,6.27
19.9,48.1,6.167,84.0,19.8,16.29,0,5.598,12.1592,36,1,0,1,8.46
19.6,48.1,6.229,90.7,19.8,12.87,1,8.692,13.1568,52,0,1,1,9.14
23.2,48.1,6.437,75.0,19.8,14.36,1,8.464,15.1856,39,0,1,1,6.98
29.8,48.1,6.98,67.6,19.8,11.66,1,7.396,15.2384,56,0,1,1,4.08
13.8,48.1,5.427,95.4,19.8,18.14,0,9.076,11.1104,47,0,1,1,3.44
13.3,48.1,6.162,97.4,19.8,24.1,1,9.066,11.1064,27,0,1,0,2.24
16.7,48.1,6.484,93.6,19.8,18.68,1,6.134,14.1336,22,1,0,1,2.72
12.0,48.1,5.304,97.3,19.8,24.91,0,9.34,15.096,39,0,1,0,1.89
14.6,48.1,6.185,96.7,19.8,18.03,1,5.292,15.1168,60,0,1,0,2.19
21.4,48.1,6.229,88.0,19.8,13.11,0,6.128,10.1712,32,1,0,1,1.4
23.0,48.1,6.242,64.7,19.8,10.74,0,8.56,13.184,22,0,0,1,13.61
23.7,48.1,6.75,74.9,19.8,7.74,0,6.974,15.1896,46,1,0,0,12.28
25.0,48.1,7.061,77.0,19.8,7.01,0,5.5,11.2,29,0,1,0,13.45
21.8,48.1,5.762,40.3,19.8,10.42,0,9.636,14.1744,57,1,1,1,28.07
20.6,48.1,5.871,41.9,19.8,13.34,1,8.112,12.1648,31,0,1,0,19.15
21.2,48.1,6.312,51.9,19.8,10.58,0,9.024,13.1696,51,0,1,1,25.32
19.1,48.1,6.114,79.8,19.8,14.98,1,8.582,12.1528,57,0,0,0,15.74
20.6,48.1,5.905,53.2,19.8,11.45,0,8.412,11.1648,44,1,0,0,9.77
15.2,57.74,5.454,92.7,19.9,18.06,0,6.004,14.1216,28,0,0,0,1.07
7.0,57.74,5.414,98.3,19.9,23.97,0,9.84,15.056,29,1,0,0,0.91
8.1,57.74,5.093,98.0,19.9,29.68,1,9.162,10.0648,49,1,1,1,1.09
13.6,57.74,5.983,98.8,19.9,18.07,0,7.072,14.1088,47,1,0,0,1.2
20.1,57.74,5.983,83.5,19.9,13.35,1,8.902,13.1608,57,1,0,1,1.94
21.8,39.69,5.707,54.0,20.8,12.01,1,5.936,14.1744,31,1,0,1,3.17
24.5,39.69,5.926,42.6,20.8,13.59,1,8.79,11.196,47,1,0,1,3.18
23.1,39.69,5.67,28.8,20.8,17.6,0,8.462,14.1848,55,0,1,1,6.03
19.7,39.69,5.39,72.9,20.8,21.14,0,0.0,12.1576,44,0,0,1,6.09
18.3,39.69,5.794,70.6,20.8,14.1,1,5.366,14.1464,55,0,1,0,6.94
21.2,39.69,6.019,65.3,20.8,12.92,1,5.824,14.1696,32,0,0,1,3.3
17.5,39.69,5.569,73.5,20.8,15.1,0,9.85,14.14,47,1,1,0,3.31
16.8,39.69,6.027,79.7,20.8,14.33,0,6.236,14.1344,54,0,1,0,3.79
22.4,41.93,6.593,69.1,19.0,9.67,0,9.348,12.1792,27,1,1,1,3.68
20.6,41.93,6.12,76.7,19.0,9.08,1,6.612,13.1648,20,1,1,1,2.71
23.9,41.93,6.976,91.0,19.0,5.64,0,5.478,12.1912,31,1,0,0,2.19
22.0,41.93,6.794,89.3,19.0,6.48,1,7.94,15.176,47,1,0,0,3.25
19.0,41.93,6.03,80.8,19.0,7.88,1,10.28,10.152,45,1,0,0,3.89
